SIMULATION NAME,UK lockdown,UK lockdown,UK lockdown,UK lockdown,UK lockdown,UK lockdown,UK lockdown,UK lockdown,UK lockdown,UK lockdown,UK lockdown,UK lockdown,UK lockdown
PROJECTION,S,E,I,R,All exposed,Daily exposed,Daily new cases,Daily recovered,Daily deaths,All cases,All recovered,All deaths,Active cases
Date,,,,,,,,,,,,,
2020-01-22 06:11:20.430223192,66400000.0,0.0,1.0,0.0,1.0,1.0,4.735683640134515e-07,1.220204621838027e-15,1.0077274626609698e-11,4.735683640134515e-07,1.220204621838027e-15,1.0077274626609698e-11,4.7355828551862026e-07
2020-01-23 06:11:20.430223192,66399998.75037402,1.1159741768645903,0.7027462760058728,0.4309055176669586,2.249625970537422,1.249625970537422,3.11682700107633e-05,9.930193420085184e-12,1.2283360853790892e-09,3.164183837477675e-05,9.931413624707022e-12,1.2384133600056988e-09,3.164059003000312e-05
2020-01-24 06:11:20.430223192,66399997.723090746,1.8205105353828623,0.6712575676319094,0.7851411455940318,3.2769092486088036,1.0272832780713816,0.00020197267325811476,1.0439378715526532e-09,4.406039210877432e-08,0.0002336145116328915,1.0538692851773602e-09,4.529880546878002e-08,0.00023356815895813753
2020-01-25 06:11:20.430223192,66399996.64115836,2.4394038273836682,0.7612165076945644,1.158221300599278,4.358841635677511,1.081932387068707,0.0006484264335457054,3.3310879825261776e-08,4.294604511719802e-07,0.0008820409451785969,3.436474911043913e-08,4.7475925664076025e-07,0.0008815318211728457
2020-01-26 06:11:20.430223192,66399995.363945164,3.114704091971212,0.9227110627967704,1.59863967754747,5.636054832315453,1.277213196637942,0.0014608127072243556,3.969595006293533e-07,2.2697183360247364e-06,0.0023428536524029526,4.313242497397924e-07,2.7444775926654966e-06,0.0023396778505605474
2020-01-27 06:11:20.430223192,66399993.794359446,3.9224115486999107,1.143352816024446,2.1398761841020666,7.205640548826423,1.5695857165109706,0.0026802394071360125,2.627839767079334e-06,8.210875690692149e-06,0.005023093059538965,3.0591640168191264e-06,1.0955353283357645e-05,0.005009078542238789
2020-01-28 06:11:20.430223192,66399991.84177466,4.917849582966748,1.4271943859280536,2.8131813662074308,9.158225335102232,1.9525847862758088,0.0043239564879402875,1.1689354402779468e-05,2.294813647601016e-05,0.009347049547479253,1.4748518419598594e-05,3.3903489759367803e-05,0.009298397539300285
2020-01-29 06:11:20.430223192,66399989.40056043,6.1600593277422275,1.7844007277366027,3.654979508747122,11.599439564225952,2.4412142291237195,0.006410013875626337,3.902425080863839e-05,5.328906967258606e-05,0.01575706342310559,5.377276922823698e-05,8.719255943195386e-05,0.0156160980944454
2020-01-30 06:11:20.430223192,66399986.34769308,7.71143821939583,2.233176099280968,4.707692598411963,14.652306917088762,3.05286735286281,0.008974935603369563,0.00010503268022382035,0.00010780014349246147,0.024731999026475153,0.00015880544945205734,0.00019499270292441535,0.02437820087409868
2020-01-31 06:11:20.430223191,66399982.52646033,9.652917422039353,2.7952628502881267,6.025359396334542,18.47353966866202,3.821232751573259,0.012085403622569654,0.00023948248483802672,0.00019625981040574658,0.0368174026490448,0.0003982879342900841,0.00039125251333016193,0.03602786220142455
2020-02-01 06:11:20.430223191,66399977.74154153,12.085174915640481,3.4979516314531103,7.675331924085686,23.258458471179278,4.784918802517257,0.015846179921125716,0.0004794809554422745,0.0003291773969301201,0.05266358257017052,0.0008777688897323587,0.000720429910260282,0.05106538377017788
2020-02-02 06:11:20.430223191,66399971.75648145,15.125754548600073,4.378617435991128,9.739146565160716,29.24351854975192,5.985060078572641,0.02040682466839331,0.0008660024755699861,0.0005175723251941256,0.07307040723856384,0.0017437713653023447,0.0012380022354544077,0.07008863363780708
2020-02-03 06:11:20.430223191,66399964.26433965,18.930697264015933,5.482318053341015,12.322645034905886,36.73566035226283,7.492141802510915,0.025968703457180563,0.0014406349943577638,0.0007731112929052323,0.0990391106957444,0.0031844063596601084,0.00201111352835964,0.09384359080772466
2020-02-04 06:11:20.430223191,66399954.879191115,23.700712496936113,6.86119116617548,15.55890522100023,46.120808884111824,9.38514853184899,0.03279341335520477,0.002243972233871833,0.001108618754642104,0.13183252405094917,0.005428378593531942,0.003119732283001744,0.12328441317441549
2020-02-05 06:11:20.430223191,66399943.11812932,29.68824278414678,8.579180770355125,19.614447118163447,57.88187067266535,11.761061788553526,0.041214542558133185,0.0033163276180658958,0.001538926913245502,0.17304706660908237,0.008744706211597838,0.004658659196247246,0.15964370120123728
2020-02-06 06:11:20.430223191,66399928.42929016,37.15486526069786,10.736275461737197,24.67956911253558,72.57070983497064,14.688839162305293,0.05165360032434117,0.004700690724579703,0.0020820165489783037,0.22470066693342355,0.01344539693617754,0.0067406757452255495,0.20451459425202045
2020-02-07 06:11:20.430223191,66399910.064332664,46.47238493616922,13.450961499827274,31.012320898367097,90.93566733436359,18.364957499392943,0.06463918109339713,0.006447396373229484,0.002760413090606128,0.28933984802682067,0.019892793309407023,0.009501088835831678,0.259945965881582
2020-02-08 06:11:20.430223191,66399887.05550709,58.14182944906497,16.856252270204227,38.9464111804294,113.94449289969859,23.008825565335002,0.08082921973924206,0.008619886375771373,0.0036028305036027285,0.37016906776606273,0.028512679685178396,0.013103919339434406,0.32855246874144994
2020-02-09 06:11:20.430223191,66399858.215248,72.79381061950367,21.099593362724494,48.8913480124113,142.78475199463946,28.840259094940876,0.1010434592169507,0.011301115407890918,0.004646084348680965,0.4712125269830134,0.039813795093069315,0.01775000368811537,0.41364872820182874
2020-02-10 06:11:20.430223191,66399822.04504954,91.23378228438143,26.357306079383633,61.36386208903338,178.95495045279844,36.17019845815898,0.12630842870656847,0.014600436463996308,0.005937325077212079,0.5975209556895819,0.05441423155706562,0.023687328765327448,0.5194193953671888
2020-02-11 06:11:20.430223191,66399776.87285371,114.20204037303063,32.98457534795415,76.94053056459288,224.12714628557765,45.17219583277921,0.15791333798344986,0.01866107285735439,0.0075366877834643995,0.7554342936730317,0.07307530441442,0.031224016548791846,0.6511349727098199
2020-02-12 06:11:20.430223191,66399720.45510693,142.78540337709808,41.36448647347464,96.39500321412342,280.5448930646961,56.41774677911846,0.19747331337591256,0.023668499188478714,0.009520510646443799,0.9529076070489443,0.09674380360289872,0.04074452719523564,0.8154192762508099
2020-02-13 06:11:20.430223191,66399649.76282084,178.6306193228221,51.83478306545331,120.77177676758643,351.23717915586184,70.69228609116573,0.24699699866927247,0.029860247469633446,0.01198531871713766,1.1999046057182168,0.12660405107253217,0.0527298459123733,1.0205707087333113
2020-02-14 06:11:20.430223191,66399560.91941566,223.96028120312178,64.71267083366703,151.40763230241276,440.0805843392016,88.84340518333977,0.3089844571361085,0.03753785216969993,0.015052782364196587,1.5088890628543252,0.1641419032422321,0.06778262827656989,1.2769645313355233
2020-02-15 06:11:20.430223191,66399449.84839323,280.55987989293817,80.88343126984094,189.70829560182133,551.1516067646004,111.07102242539878,0.38657584668473527,0.04708180184611857,0.018875867130614968,1.8954649095390605,0.21122370508835067,0.08665849540718486,1.5975827090435248
2020-02-16 06:11:20.430223191,66399311.40589769,350.6650995415116,101.48143011463448,237.44757264612895,689.594102302275,138.44249553767463,0.4837278886914372,0.05897040737389504,0.023646480134496307,2.379192798230498,0.27019411246224573,0.11030497554168117,1.998693710226571
2020-02-17 06:11:20.430223191,66399138.12554768,438.33197858454946,127.34227739644771,297.2001963412014,862.8744523221985,173.2803500199235,0.6053746983521765,0.07380350670927503,0.02960508533495932,2.9845674965826743,0.3439976191715208,0.13991006087664049,2.500659816534513
2020-02-18 06:11:20.430223191,66398920.19696356,549.3924611859367,159.0613311467577,372.3492441042,1080.8030364368942,217.9285841146957,0.7576380586327749,0.09233216069269572,0.03705284743075793,3.742205555215449,0.4363297798642165,0.17696290830739841,3.128912867043834
2020-02-19 06:11:20.430223191,66398647.283953175,688.6210425981927,198.63581507260298,466.4591891529358,1353.7160468237316,272.9130103868374,0.9481910248923207,0.1154960278837743,0.0463668185399145,4.69039658010777,0.5518258077479908,0.22332972684731292,3.9152410455124653
2020-02-20 06:11:20.430223191,66398307.26048491,860.9051450505297,249.1225390244529,583.7118310125212,1693.7395150875036,340.023468263772,1.1867277305928163,0.14447054889989322,0.058018802380527264,5.8771243107005855,0.696296356647884,0.2813485292278402,4.899479424824861
2020-02-21 06:11:20.430223191,66397881.86085395,1076.1595093148358,312.5731447641981,730.406491970995,2119.139146050029,425.3996309625254,1.4853822264522962,0.1807261583481874,0.0725989965480509,7.362506537152882,0.8770225149960714,0.3539475257758911,6.131536496380919
2020-02-22 06:11:20.430223191,66397346.99084393,1348.6739871940035,390.48234689353495,914.8528219834907,2654.009156071029,534.8700100209999,1.8592112794658995,0.2261021012709007,0.09084588529973886,9.221717816618781,1.1031246162669721,0.44479341107563,7.6737997892761785
2020-02-23 06:11:20.430223191,66396677.99341993,1689.2453121380072,488.2061652679277,1145.5551026632418,3323.0065800691764,668.9974239981475,2.3270585522801044,0.2828987588681873,0.11368375814902135,11.548776368898885,1.3860233751351594,0.5584771692246513,9.604275824539073
2020-02-24 06:11:20.430223191,66395843.02720341,2112.4465525194523,612.0299170991339,1433.4963269708928,4157.972796589479,834.9662165203026,2.91268234067122,0.35399391161999016,0.1422693517240186,14.461458709570104,1.7400172867551496,0.7007465209486698,12.020694901866285
2020-02-25 06:11:20.430223191,66394796.86749668,2643.3287135100472,766.5267378921667,1794.277051911486,5204.1325033137,1046.159706724221,3.6457973848007614,0.44298885779293706,0.17805011952781688,18.107256094370864,2.1830061445480866,0.8787966404764868,15.045453309346291
2020-02-26 06:11:20.430223191,66393484.37050243,3311.7347064186956,957.9726881069581,2246.9221030402177,6516.629497565871,1312.4969942521711,4.563419385415238,0.5543907950658443,0.2228375640307191,22.6706754797861,2.737396939613931,1.1016342045072058,18.831644335664965
2020-02-27 06:11:20.430223191,66391844.7153509,4144.670972481927,1199.1958397894239,2812.4178368201838,8156.284649091534,1639.6551515256633,5.711959688725909,0.6938404187978991,0.27889914980983727,28.38263516851201,3.4312373584118303,1.380533354317043,23.570864455783138
2020-02-28 06:11:20.430223191,66389794.49226052,5184.292753873946,1502.6611694322523,3519.5538161615987,10206.507739467797,2050.223090376263,7.149687686459899,0.8683972627291621,0.34907298434004724,35.53232285497191,4.299634621140992,1.7296063386570903,29.50308189517383
2020-02-29 06:11:20.430223191,66387223.89632855,6491.040527455847,1879.8210240487679,4406.242119930612,12777.103671435227,2570.5959319674294,8.949330560018096,1.0868975572065087,0.43691138026872695,44.48165341499001,5.386532178347501,2.1665177189258173,36.92860351771669
2020-03-01 06:11:20.430223191,66384004.60623926,8129.459069260425,2350.1275549580714,5516.807136516778,15996.393760735275,3219.290089300048,11.201776476160607,1.3604018371340736,0.5468608669043256,55.68342989115061,6.746934015481575,2.713378585830143,46.223117289838896
2020-03-02 06:11:20.430223191,66379984.522167586,10169.507073943834,2943.1584368783306,6903.812321584837,20016.477832407,4020.084071671725,14.021108002986756,1.702754803478631,0.684487134696731,69.70453789413736,8.449688818960206,3.397865720526874,57.85698335465028
2020-03-03 06:11:20.430223191,66374956.11938401,12717.967984716768,3687.843298179575,8639.06933308511,25044.880615981452,5028.402783574453,17.550131012701343,2.1312862469208156,0.8567561906571308,87.2546689068387,10.580975065881022,4.254621911184005,72.41907192977368
2020-03-04 06:11:20.430223191,66368651.07974949,15923.085812078001,4611.290686430422,10815.543751998997,31349.92025050742,6305.039634525969,21.96682550298322,2.6676877830378984,1.0723868150973526,109.22149440982193,13.24866284891892,5.327008726281358,90.64582283462164
2020-03-05 06:11:20.430223191,66360753.074569635,19946.473147880293,5758.423862718575,13543.028419756683,39247.92543035555,7898.005179848129,27.493773961203257,3.3391092384658045,1.3422915103586373,136.7152683710252,16.587772087384725,6.669300236639995,113.45819604700047
2020-03-06 06:11:20.430223191,66350909.126134455,24936.776454744606,7210.909863500877,16944.18754729259,49091.87386553807,9843.948435182523,34.41064943796129,4.179531224626059,1.6801261742168694,171.1259178089865,20.76730331201078,8.349426410856864,142.00918808611883
2020-03-07 06:11:20.430223191,66338621.571934335,31144.517452687163,9041.845489350777,21193.065123618333,61379.42806565628,12287.554200118204,43.067290287691605,5.2314820169335325,2.102977240250894,214.1932080966781,25.998785328944315,10.452403651107758,177.742019116626
2020-03-08 06:11:20.430223191,66323235.35875397,38935.2681339645,11310.735812789415,26519.63729926701,76765.64124602092,15386.213180364648,53.89770994787906,6.548180782115575,2.632224210478159,268.09091804455716,32.54696611105989,13.084627861585917,222.45932407191137
2020-03-09 06:11:20.430223191,66303975.6511615,48718.92791746614,14108.100483033886,33198.320437993476,96025.3488384935,19259.70759247258,67.44192960484546,8.196215915932278,3.2946169926652913,335.5328476494026,40.743182026992166,16.37924485425121,278.4104207681592
2020-03-10 06:11:20.430223191,66280021.58916156,60820.2840370207,17636.375563799294,41522.7512376168,119979.41083843679,23954.061999943282,84.37674962708333,10.258899696254542,4.123609788594367,419.9095972764859,51.002081723246704,20.502854642845577,348.4046609103936
2020-03-11 06:11:20.430223191,66250243.814176485,75788.5339089726,22063.04998285564,51905.60193168129,149757.18582350953,29777.77498507274,105.54758903510839,12.840457507557518,5.161014467959407,525.4571863115943,63.84253923080422,25.663869110804985,435.95077796998515
2020-03-12 06:11:20.430223191,66213144.5423608,94460.53847014508,27490.675641915746,64905.24352713731,186856.45763919814,37099.27181568861,131.9982846984291,16.071224751058704,6.459064533938161,657.4554710100234,79.91376398186293,32.12293364474314,545.4187733834174
2020-03-13 06:11:20.430223191,66167170.08990562,117518.68328472585,34188.32304875791,81123.90376089762,232830.91009438137,45974.45245518323,165.0152977030908,20.11408361652299,8.082983880203734,822.4707687131142,100.02784759838592,40.20591752494688,682.2370035897814
2020-03-14 06:11:20.430223191,66110705.85401559,145479.16583530005,42584.40966626048,101231.57048284728,289295.1459844078,56464.23589002644,206.18614661002002,25.172465603366838,10.114143316505656,1028.6569153231342,125.20031320175275,50.32006084145253,853.1365412799288
2020-03-15 06:11:20.430223191,66041608.466653734,179333.1199598969,52863.17371658923,126196.23966977854,358392.5333462647,69097.38736185688,257.4445723859837,31.5002907127455,12.65390797626913,1286.101487709118,156.70060391449826,62.97396881772166,1066.426914976898
2020-03-16 06:11:20.430223191,65957544.40816782,220143.33773056764,65114.17060223734,157199.08349938237,442456.5918321874,84064.0584859227,321.10103800915044,39.41419500069228,15.828296715369104,1607.2025257182684,196.11479891519053,78.80226553309076,1332.285461269987
2020-03-17 06:11:20.430223191,65857237.97353807,267554.94170280866,79942.55059527521,195265.53416384905,542763.0264619329,100306.43462974555,399.88203036627925,49.30840249175758,19.793513686460138,2007.0845560845476,245.42320140694812,98.5957792195509,1663.0655754580484
2020-03-18 06:11:20.430223191,65739772.044469476,321084.48660706385,97405.7695175003,241738.6994059572,660228.9555305213,117465.92906858842,496.93000572043337,61.67259631035582,24.742309350378232,2504.014561804981,307.0957977173039,123.33808856992914,2073.580675517748
2020-03-19 06:11:20.430223191,65605209.374864034,379641.8407879081,116928.62210938663,298221.16223867715,794791.6251359719,134562.6696054506,615.6802039273989,77.11295359571686,30.91102237691349,3119.69476573238,384.2087513130208,154.24911094684262,2581.236903472516
2020-03-20 06:11:20.430223191,65457545.220372654,438335.1846798436,138709.8091689656,365410.7857785417,942455.779627351,147664.15449137904,759.6253322428853,96.37608050641317,38.58687126624788,3879.320097975265,480.584831819434,192.83598221309052,3205.8992839427406
2020-03-21 06:11:20.430223191,65302445.29221708,492048.85849189974,161343.2534603315,444163.59583069023,1097555.7077829214,155099.9281555704,931.8918882858627,120.37492429652194,48.11448240620961,4811.211986261128,600.9597561159559,240.95046461930013,3969.301765525872
2020-03-22 06:11:20.430223191,65147563.80926796,535094.2660812704,182431.57739158112,534911.3472591965,1252437.190732048,154881.4829491265,1134.508838419074,150.2144849367381,59.89986012189147,5945.720824680202,751.174241052694,300.8503247411916,4893.696258886316
2020-03-23 06:11:20.430223192,65002132.24460607,561026.1469378886,200988.82947332194,635853.7789827245,1397868.755393935,145431.564661887,1367.5300538736255,187.2128319321021,74.40895524280218,7313.2508785538275,938.3870729847961,375.2592799839938,5999.604525585038
2020-03-24 06:11:20.430223192,64869842.13101305,570035.7349379405,214737.00688839293,745386.1271606202,1530158.8689869535,132290.1135930186,1628.1785685008265,232.909466252572,92.15682637599016,8941.429447054654,1171.296539237368,467.4161063599839,7302.716801457302
2020-03-25 06:11:20.430223192,64749108.734656595,567030.8365973785,223025.36206609974,860836.0666799368,1650892.265343415,120733.39635646157,1910.3409434400073,289.0486213764257,113.68293512767764,10851.770390494661,1460.3451606137937,581.0990414876616,8810.326188393206
2020-03-26 06:11:20.430223192,64634923.1772801,558783.5442605742,226931.9550021078,979362.323457228,1765077.82271991,114185.55737649486,2204.98020653886,357.52071756454586,139.50920825043158,13056.75059703352,1817.8658781783397,720.6082497380931,10518.276469117087
2020-03-27 06:11:20.430223192,64522970.85950025,550168.2182835757,227846.92517075257,1099014.997045427,1877030.1404997553,111952.31777984533,2501.49900455546,440.2437227632261,170.08102368863524,15558.249601588981,2258.109600941566,890.6892734267284,12409.450727220687
2020-03-28 06:11:20.430223192,64411740.461580105,542617.0732977048,226930.8582343496,1218712.6068878502,1988260.5384199047,111230.39792014938,2789.5309299432215,538.971751444648,205.69738928474854,18347.780531532204,2797.081352386214,1096.386662711477,14454.312516434513
2020-03-29 06:11:20.430223192,64301234.13303958,535971.9837065826,224949.21142470592,1337845.6718291421,2098766.8669604305,110506.32854052586,3060.4136442383433,655.0346730341737,246.44299374325672,21408.194175770546,3452.116025420388,1342.8296564547336,16613.248493895422
2020-03-30 06:11:20.430223192,64192119.336902216,529288.8538533743,222908.3036943201,1455684.5055501005,2207881.663097795,109114.79613736458,3307.9033437046533,789.0396701081395,292.1378190357018,24716.0975194752,4241.155695528527,1634.9674754904354,18839.974348456235
2020-03-31 06:11:20.430223192,64084224.873941086,522829.16685452464,220544.1354129127,1572402.8237914916,2315776.1260589287,107894.46296113357,3528.196316568997,940.5948314057666,342.3172612596584,28244.293836044195,5181.750526934294,1977.2847367500938,21085.258572359806
2020-04-01 06:11:20.430223192,63977680.81891619,516422.42261467275,218044.52217444405,1687853.2362947073,2422320.181083824,106544.05502489535,3719.5627186514707,1108.1299297031144,396.24817053849097,31963.856554695667,6289.880456637408,2373.5329072885847,23300.443190769674
2020-04-02 06:11:20.430223192,63872588.18375105,509937.76219529693,215555.7364368506,1801919.317616816,2527412.8162489636,105092.63516513957,3881.8885465588587,1288.8771712282264,452.977412827444,35845.74510125453,7578.757627865634,2826.5103201160287,25440.477153272866
2020-04-03 06:11:20.430223192,63768872.653855965,503492.2060730902,212961.12607120728,1914675.0139997518,2631128.3461440494,103715.52989508584,4016.2209894053995,1479.0354148401584,511.4030062564262,39861.96609065993,9057.793042705793,3337.913326372455,27466.259721581682
2020-04-04 06:11:20.430223192,63666543.02347922,497082.94876631367,210271.13953936222,2026103.8882151109,2733457.976520787,102329.63037673756,4124.371178609231,1674.091145560583,570.3552127868647,43986.33726926916,10731.884188266376,3908.2685391593195,29346.184541843468
2020-04-05 06:11:20.430223192,63565697.18158643,490578.81107718777,207632.7404057603,2136092.266930633,2834303.8184135812,100845.84189279424,4208.6028805420065,1869.2299350054263,628.675720441846,48194.94014981117,12601.114123271804,4536.944259601166,31056.881766938197
2020-04-06 06:11:20.430223192,63466357.67221836,483954.304569955,205080.77252935298,2244608.2506823437,2933643.3277816516,99339.5093680704,4271.392886810581,2059.757368280798,685.2859172886677,52466.33303662175,14660.871491552602,5222.230176889833,32583.231368179317
2020-04-07 06:11:20.430223192,63368410.879089184,477376.4118374956,202444.0887879706,2351769.6202853634,3031590.12091083,97946.79312917823,4315.250343237089,2241.459032103945,739.2389030989929,56781.583379858836,16902.330523656547,5961.469079988826,33917.783776213466
2020-04-08 06:11:20.430223192,63271815.58852208,470907.6252569157,199662.85046562078,2457614.9357554023,3128185.4114779388,96595.2905671089,4342.59753694136,2410.8555266326834,789.7532941858254,61124.18091680019,19313.18605028923,6751.222374174651,35059.77249233631
2020-04-09 06:11:20.430223192,63176618.20394965,464484.2575697477,196811.99852695907,2562086.5399536556,3223382.7960503623,95197.38457242353,4355.705236517892,2565.338295863994,836.2295221423818,65479.88615331808,21878.524346153223,7587.451896317033,36013.909910847826
2020-04-10 06:11:20.430223192,63082951.70165086,457917.9276382386,194099.68132033976,2665031.6893905816,3317049.29834916,93666.50229879748,4356.656453544029,2703.196179706504,878.2510862144368,69836.54260686212,24581.720525859728,8465.70298253147,36789.119098470925
2020-04-11 06:11:20.430223192,62990845.38644557,451166.5013773458,191578.11430679692,2766410.997870306,3409155.613554449,92106.31520528905,4347.320129210634,2823.556984263593,915.5741485058954,74183.86273607276,27405.27751012332,9381.277131037365,37397.30809491207
2020-04-12 06:11:20.430223192,62900098.009550564,444515.1443826394,188947.85307801855,2866439.992988791,3499902.990449449,90747.37689500023,4329.333146385567,2926.273427324645,948.1090763148545,78513.19588245833,30331.550937447966,10329.38620735222,37852.25873765814
2020-04-13 06:11:20.430223192,62810636.61437889,438065.0661027108,186106.18272732993,2965193.136791081,3589364.385621122,89461.39517167304,4304.106716636185,3011.7811416004897,975.8972297631462,82817.30259909452,33343.33207904846,11305.283437115366,38168.68708293069
2020-04-14 06:11:20.430223192,62722548.57455004,431687.77866641834,183197.07659043663,3062567.570193119,3677452.425449974,88088.03982885182,4272.859533492053,3080.9509329917423,999.0857247502954,87090.16213258657,36424.2830120402,12304.369161865661,38361.50995868071
2020-04-15 06:11:20.430223192,62636054.19955304,425064.1211147064,180569.4332325719,3158313.2460996965,3763946.800446975,86494.37499700114,4236.647353168376,3134.9505981345665,1017.9023049483712,91326.80948575494,39559.233610174764,13322.271466814032,38445.30440876615
2020-04-16 06:11:20.430223192,62551060.62148117,418320.0813262679,178094.00985596364,3252526.2873366163,3848940.3785188477,84993.5780718727,4196.370570051856,3175.125081587081,1032.6319093144762,95523.1800558068,42734.358691761845,14354.903376128508,38433.91798791645
2020-04-17 06:11:20.430223192,62467329.94761871,411787.5061732211,175418.30133692516,3345465.244871161,3932671.0523813074,83730.6738624596,4152.772948283309,3202.898713043065,1043.5959691768908,99675.95300409012,45937.257404804914,15398.4993453054,38340.196253979804
2020-04-18 06:11:20.430223192,62384828.35735515,405506.2924305726,172504.31942899482,3437162.0307853054,4015172.642644873,82501.59026356554,4106.465886644495,3219.699976152588,1051.1349161556573,103782.41889073461,49156.9573809575,16449.634261461055,38175.827248316054
2020-04-19 06:11:20.430223192,62303723.86470858,399227.52418034634,169625.69501821967,3527423.91609287,4096277.1352914358,81104.49264656287,4057.9697501274895,3226.9072493150534,1055.593957031183,107840.3886408621,52383.864630272554,17505.228218492237,37951.29579209731
2020-04-20 06:11:20.430223192,62224253.78652877,392602.41231960146,167164.16379185196,3615980.6373597914,4175747.213471245,79470.07817980926,4007.736009190951,3225.812650380756,1057.3119745711763,111848.12465005305,55609.67728065331,18562.540193063414,37675.90717633633
2020-04-21 06:11:20.430223192,62146146.96589742,386006.36068033753,164719.1018934731,3703128.5715287896,4253854.0341026,78106.82063135505,3956.1391149003953,3217.600408529051,1056.613344241941,115804.26376495344,58827.27768918236,19619.153537305356,37357.83253846573
2020-04-22 06:11:20.430223192,62069201.43278189,379715.4446282741,161995.62739178978,3789088.4951980677,4330799.567218131,76945.53311553132,3903.467962542725,3203.336251663497,1053.8023493452565,119707.73172749617,62030.613940845855,20672.955886650612,37004.1618999997
2020-04-23 06:11:20.430223192,61993458.225552835,373658.2480563338,159075.24186191754,3873809.28452893,4406542.774447181,75743.20722904988,3849.9547208894164,3183.964944959928,1049.1597281177267,123557.68644838559,65214.578885805786,21722.11561476834,36620.99194781146
2020-04-24 06:11:20.430223192,61919191.93370109,367429.33826823416,156401.37903367466,3956978.3489970146,4480809.066298923,74266.2918517422,3795.8089763968746,3160.313734546569,1042.9408500461127,127353.49542478246,68374.89262035236,22765.056464814454,36213.546339615656
2020-04-25 06:11:20.430223192,61846441.508941054,360958.5908259588,154054.48292591848,4038546.4173070863,4553559.491058963,72750.4247600399,3741.2207820188833,3133.0996892791145,1035.375154172485,131094.71620680136,71507.99230963147,23800.43161898694,35786.29227818294
2020-04-26 06:11:20.430223192,61774886.099529184,354688.67606647825,151557.60194412715,4118868.622460225,4625114.9004708305,71555.40941186715,3686.33829908853,3102.9391126571013,1026.6666118567985,134781.0545058899,74610.93142228857,24827.098230843738,35343.024852757575
2020-04-27 06:11:20.430223192,61704455.45813004,348704.0802479511,148822.1088117143,4198019.352810317,4695545.541869982,70430.64139915165,3631.2659450485116,3070.357740151164,1016.994960982026,138412.3204509384,77681.28916243973,25844.093191825763,34886.9380966729
2020-04-28 06:11:20.430223192,61635299.64058738,342774.21346819366,146102.02762307404,4275825.118321371,4764701.3594126385,69155.81754265632,3576.094241057137,3035.801140809478,1006.5173921416238,141988.41469199554,80717.0903032492,26850.610583967387,34420.71380477895
2020-04-29 06:11:20.430223192,61567621.46625313,336592.5130590644,143734.16269872602,4352052.857989097,4832379.533746887,67678.17433424853,3520.9164524395123,2999.645046735978,995.3704290999892,145509.33114443504,83716.73534998519,27845.981013067376,33946.61478138248
2020-04-30 06:11:20.430223192,61501170.539461486,330498.75014710514,141351.74153946442,4426979.968851967,4898830.460538536,66450.92679164931,3465.8146615142814,2962.2051840202066,983.6719052300381,148975.14580594932,86678.94053400539,28829.652918297415,33466.552353646504
2020-05-01 06:11:20.430223192,61435834.24717241,324635.6213686537,138801.67867497692,4500729.452783979,4964166.752827609,65336.29228907265,3410.8439583885274,2923.746118912616,971.5230040954079,152385.98976433784,89602.68665291801,29801.175922392824,32982.127189027
2020-05-02 06:11:20.430223192,61371667.56560109,318906.06127875205,136192.38820676762,4573234.984913411,5028333.4343989305,64166.68157132156,3356.047836916997,2884.4889679711905,959.0102735734758,155742.03760125482,92487.1756208892,30760.1861959663,32494.67578439932
2020-05-03 06:11:20.430223192,61308843.85901779,313043.47752972733,133817.29177093468,4644296.371681566,5091157.140982228,62823.70658329781,3301.4749174611206,2844.6181767330672,946.2074961066279,159043.51251871593,95331.79379762227,31706.39369207293,32005.325029020725
2020-05-04 06:11:20.430223192,61247252.70109015,307186.0412288329,131527.97261519398,4714034.285065841,5152748.298909868,61591.15792763978,3247.174046406357,2804.2875401173983,933.1773820018013,162290.68656512228,98136.08133773967,32639.57107407473,31515.034153307875
2020-05-05 06:11:20.430223192,61186754.04629785,301513.9314233816,129129.31932559906,4782603.70295319,5213246.95370217,60498.65479230229,3193.179579194051,2763.6254145680723,919.9731208585334,165483.86614431633,100899.70675230774,33559.54419493327,31024.61519707532
2020-05-06 06:11:20.430223192,61127342.76550662,296014.30530278705,126637.2291827491,4850006.700007858,5272658.234493393,59411.28079122305,3139.515994643391,2722.739074443417,906.6397961985988,168623.3821389597,103622.44582675117,34466.18399113187,30534.75232107668
2020-05-07 06:11:20.430223192,61069134.23451078,290501.861719355,124256.30359207204,4916108.600177804,5330866.765489231,58208.53099583741,3086.2119162207614,2681.7183550302834,893.2156233110061,171709.59405518047,106304.16418178145,35359.399614442875,30046.03025895614
2020-05-08 06:11:20.430223192,61012175.69000907,284888.2810352719,122085.1343417807,4980851.894613887,5387825.30999094,56958.54450170882,3033.301340254767,2640.638765332489,879.7330030742881,174742.89539543525,108944.80294711395,36239.13261751716,29558.95983080414
2020-05-09 06:11:20.430223192,60956289.27300732,279406.58177790005,119869.68797340179,5044435.4572413955,5443711.726992697,55886.41700175777,2980.8107879375616,2599.5641114469063,866.2194382768198,177723.70618337282,111544.36705856085,37105.352055793985,29073.98706901799
2020-05-10 06:11:20.430223192,60901402.176350534,274139.52330598654,117520.31223204844,5106938.9881114485,5498598.823649484,54887.09665678628,2928.753915110148,2558.548617536467,852.6983464558629,180652.46009848296,114102.91567609731,37958.05040224985,28591.494020135797
2020-05-11 06:11:20.430223192,60847561.46100156,268998.3873617845,115135.56794083175,5168305.5836958345,5552439.538998451,53840.71534896735,2877.1446554699055,2517.638640770192,839.1897500731047,183529.60475395285,116620.5543168675,38797.24015232296,28111.81028476239
2020-05-12 06:11:20.430223192,60794918.4602165,263745.25675782526,112977.82551885779,5228359.457506833,5605082.539783516,52643.00078506488,2826.006863192655,2476.8741254290635,825.7108246117614,186355.6116171455,119097.42844229657,39622.95097693472,27635.232197914214
2020-05-13 06:11:20.430223192,60743410.72833179,258447.4886317288,110974.28981641748,5287168.493220076,5656590.271668222,51507.731884705834,2775.366562435264,2436.2898204691965,812.2763435765294,189130.97817958076,121533.71826276577,40435.22732051125,27162.03259630374
2020-05-14 06:11:20.430223192,60692851.194659926,253350.50302027195,108855.61444093993,5344943.687878875,5707149.805340087,50559.53367186524,2725.2364181761955,2395.916194668368,798.8990796505402,191856.21459775697,123929.63445743415,41234.12640016179,26692.453740161036
2020-05-15 06:11:20.430223192,60643198.55049504,248491.31502598448,106581.62163369698,5401729.512845289,5756802.449504971,49652.64416488353,2675.61849833878,2355.780087808015,785.590166217062,194531.83309609577,126285.41454524217,42019.716566378855,26226.70198447475
2020-05-16 06:11:20.430223192,60594555.53894709,243700.95172331174,104338.91065206788,5457405.598677538,5805445.461052918,48643.0115479473,2626.521733930184,2315.905268369037,772.3593732571535,197158.35483002596,128601.3198136112,42792.07593963601,25764.959076778745
2020-05-17 06:11:20.430223192,60547085.82384625,238723.26238691653,102410.15172176487,5511781.762045075,5852915.176153757,47469.7151008388,2577.9678145111207,2276.3129903049658,759.2152889290818,199736.32264453708,130877.63280391617,43551.29122856509,25307.39861205582
2020-05-18 06:11:20.430223192,60500600.93231386,233805.3951351954,100523.50686472133,5565071.165686236,5899400.067686153,46484.891532395966,2529.976493425672,2237.022443839288,746.1654682229994,202266.29913796275,133114.65524775547,44297.45669678809,24854.187193419195
2020-05-19 06:11:20.430223192,60454960.65478667,229125.5803380559,98482.40127503085,5617432.363600252,5945040.345213339,45640.27752718609,2482.5504089489896,2198.050983372086,733.2166031099277,204748.84954691175,135312.70623112755,45030.673299898015,24405.47001588618
2020-05-20 06:11:20.430223192,60410184.18751853,224634.1485711451,96341.72596229498,5668840.937948041,5989816.812481481,44776.46726814192,2435.6864512312527,2159.41422691609,720.3746878494136,207184.535998143,137472.12045804365,45751.04798774743,23961.36755235192
2020-05-21 06:11:20.430223192,60366436.15348923,220073.50652199195,94385.88282657838,5719105.457162205,6033564.846510775,43748.03402929474,2389.3923747317103,2121.1262377651497,707.6451176839546,209573.9283728747,139593.2466958088,46458.69310543138,23521.988571634523
2020-05-22 06:11:20.430223192,60323698.4855465,215447.26380869778,92610.99912612686,5768244.251518687,6076302.514453512,42737.6679427363,2343.684471038078,2083.1998217591745,695.0327262960924,211917.6128439128,141676.44651756797,47153.725831727475,23087.440494617353
2020-05-23 06:11:20.430223192,60281794.36650069,210986.12785735689,90761.92875608399,5816458.57688588,6118206.633499321,41904.11904580891,2298.5708531118435,2045.646750699691,682.5418274442678,214216.18369702465,143722.09326826766,47836.267659171746,22657.82276958524
2020-05-24 06:11:20.430223192,60240693.41404153,206711.50296871286,88814.68915962726,5863781.393830144,6159307.585958484,41100.95245916303,2254.048817324358,2008.47778548017,670.1762900990777,216470.23251434902,145730.57105374784,48506.443949270826,22233.217511330346
2020-05-25 06:11:20.430223192,60200481.28396191,202478.91991302764,86928.77799760044,5910112.018127471,6199519.7160380995,40212.13007961586,2210.1185732120302,1971.7026201112553,657.9396068773387,218680.35108756105,147702.2736738591,49164.38355614817,21813.69385755378
2020-05-26 06:11:20.430223192,60161220.34915048,198177.2775909018,85226.82712915435,5955376.546129472,6238780.650849528,39260.93481142819,2166.788503846992,1935.3299302770474,645.8349217943537,220847.13959140805,149637.60360413615,49810.21847794252,21399.317509329376
2020-05-27 06:11:20.430223192,60122770.1210092,193985.733114287,83510.0607319142,5999735.085144607,6277230.8789908085,38450.22814128082,2124.0656567391143,1899.3675202141778,633.8650422763967,222971.20524814716,151536.97112435033,50444.08352021892,20990.150603577917
2020-05-28 06:11:20.430223192,60085082.03877239,189952.1177124775,81724.88458680834,6043241.9589283345,6314918.96122762,37688.08223681152,2081.948712083402,1863.8224273351393,622.0324703857183,225053.15396023056,153400.79355168546,51066.11599060464,20586.244417940456
2020-05-29 06:11:20.430223192,60048187.29280706,186010.315225016,79943.98419575897,6085859.407772179,6351813.707192954,36894.745965333655,2040.4359760566442,1828.7009405643043,610.3394431299439,227093.5899362872,155229.49449224977,51676.45543373458,20187.64001030285
2020-05-30 06:11:20.430223192,60012164.57047502,182026.39676978177,78315.22739490985,6127494.805360296,6387836.429524987,36022.72233203333,1999.5316504988893,1794.0086196504003,598.7879537266746,229093.1215867861,157023.50311190018,52275.24338746126,19794.375087424647
2020-05-31 06:11:20.430223192,59976934.08068214,178093.29099572048,76734.9184086383,6168238.709913503,6423066.919317862,35230.489792875014,1959.2410747734198,1759.7503663618413,587.3797600067861,231052.3626615595,158783.25347826202,52862.623147468046,19406.486035829446
2020-06-01 06:11:20.430223192,59942417.10652469,174302.5933988358,75100.56808457135,6208180.731991911,6457583.893475318,34516.97415745631,1919.5629229181998,1725.9304960076279,576.1164047597027,232971.92558447772,160509.18397426966,53438.73955222775,19024.00205798031
2020-06-02 06:11:20.430223192,59908606.94266052,170643.04895081613,73423.85186776734,6247327.156520908,6491394.057339491,33810.163864172995,1880.492783483224,1692.5527700725297,564.9992460155431,234852.41836796096,162201.7367443422,54003.73879824329,18646.942825375467
2020-06-03 06:11:20.430223192,59875564.973602965,167006.15893363135,71824.42231801461,6285605.445145391,6524436.026397037,33041.969057546,1842.0307553970308,1659.6204294579438,554.0294725180781,236694.44912335798,163861.35717380015,54557.76827076137,18275.323678796456
2020-06-04 06:11:20.430223192,59843326.59658677,163320.77845045622,70380.52059047752,6322973.104372302,6556674.403413236,32238.37701619882,1804.181357477383,1627.1362592567352,543.2081016683408,238498.63048083536,165488.4934330569,55100.976372429715,17909.16067534875
2020-06-05 06:11:20.430223192,59811774.42652514,159734.59754971814,68927.04903716593,6359564.92688798,6588226.573474864,31552.170061627403,1766.945221120468,1595.102641412165,532.5359846384786,240265.57570195582,167083.59607446907,55633.5123570682,17548.467270418558
2020-06-06 06:11:20.430223192,59780848.96648863,156312.70042038563,67390.58519346654,6395448.747897521,6619152.033511373,30925.46003650967,1730.3150367492776,1563.5215538738742,522.013830256335,241995.8907387051,168647.11762834294,56155.52618732453,17193.246923037615
2020-06-07 06:11:20.430223192,59750569.57327607,153007.53583092542,65823.01804168223,6430600.872851322,6649431.42672393,30279.39321255684,1694.2839202818259,1532.3945576205592,511.6422243113832,243690.1746589869,170179.5121859635,56667.16841163592,16843.494061387486
2020-06-08 06:11:20.430223192,59721030.955014095,149663.92838924695,64395.98046173965,6464910.136134922,6678970.044985908,29538.61826197803,1658.8525409142933,1501.7228329412608,501.42162111704295,245349.0271999012,171681.23501890476,57168.59003275296,16499.202148243487
2020-06-09 06:11:20.430223192,59692219.27752696,146282.2427077992,63108.11690374221,6498391.362861506,6707781.722473047,28811.67748713866,1624.0249926667943,1471.5072370830658,491.35232453562594,246973.052192568,173152.74225598783,57659.942357288586,16160.367579291575
2020-06-10 06:11:20.430223192,59664001.2181057,143034.1183390012,61767.15460045794,6531198.508954841,6735999.7818943,28218.05942125339,1589.7979430673638,1441.7482984765998,481.43449341914584,248562.85013563535,174594.49055446443,58141.37685070773,15826.98273046319
2020-06-11 06:11:20.430223192,59636337.66770181,139956.5941899172,60330.66474790979,6563376.073360364,6763663.332298191,27663.55040389113,1556.1600666140157,1412.4461450894144,471.6681718772954,250119.01020224937,176006.93669955383,58613.04502258503,15499.028480110508
2020-06-12 06:11:20.430223192,59609282.8411951,136953.36215602412,58904.82504924634,6594859.971599632,6790718.158804903,27054.826506711543,1523.1032983592188,1383.6004713563345,462.0533059664191,251642.1135006086,177390.53717091016,59075.098328551445,15176.478001146992
2020-06-13 06:11:20.430223192,59582938.75994585,133859.91448274016,57671.848883810475,6625530.476687606,6817062.240054157,26344.081249253824,1490.628233695972,1355.2106073682837,452.5897262452436,253132.74173430458,178745.74777827846,59527.68805479669,14859.30590122944
2020-06-14 06:11:20.430223192,59557195.94180838,130814.72571471371,56476.25085716043,6655514.081619744,6842805.058191618,25742.81813746132,1458.7361658999957,1327.2756085517956,443.2771257051345,254591.47790020457,180073.02338683026,59970.96518050182,14547.489332872487
2020-06-15 06:11:20.430223192,59531974.49885942,127914.1859805043,55209.2698359194,6684903.045324153,6868026.501140577,25221.442948958836,1427.4193101485323,1299.794248327908,434.11506875918406,256018.8972103531,181372.81763515816,60405.08024926101,14240.999325933939
2020-06-16 06:11:20.430223192,59507283.34430887,125127.80904491743,53903.69877958264,6713686.147866632,6892717.655691132,24691.154550555162,1396.6663510127805,1272.764932542462,425.10302031468905,257415.56356136588,182645.58256770062,60830.1832695757,13939.797724089563
2020-06-17 06:11:20.430223192,59483204.501207985,122320.68981947601,52708.86858195504,6741766.940390584,6916796.498792015,24078.843100883067,1366.4714230454333,1246.185665839763,416.2403562665704,258782.03498441132,183891.76823354038,61246.42362584227,13643.843125028674
2020-06-18 06:11:20.430223192,59459707.26662158,119519.54346922784,51593.778354705704,6769180.411554483,6940293.733378416,23497.23458640091,1336.8330238571448,1220.0541229004994,407.5263500281873,260118.86800826847,185111.82235644088,61653.949975870455,13353.095675957135
2020-06-19 06:11:20.430223192,59436711.72616858,116821.8113175437,50448.368752678485,6796019.093761201,6963289.273831423,22995.540453007445,1307.7459402889513,1194.3677319266612,398.96016461270995,261426.61394855744,186306.19008836756,62052.91014048317,13067.513719706716
2020-06-20 06:11:20.430223192,59414206.14870769,114227.57213170093,49271.29167783501,6822295.987482776,6985794.851292312,22505.577460888773,1279.2008680947426,1169.1236781952284,390.5408649155157,262705.81481665216,187475.3137665628,62443.45100539868,12787.050044690688
2020-06-21 06:11:20.430223192,59392231.92891315,111661.0904190286,48145.91145703871,6847962.069210784,7007769.071086851,21974.219794538803,1251.1905938464888,1144.318860244728,382.26743237001443,263957.00541049865,188619.63262680752,62825.71843776869,12511.654345922434
2020-06-22 06:11:20.430223192,59370800.53439043,109089.72677751127,47107.47757216559,6873003.261259898,7029200.465609575,21431.394522723742,1223.7114806925833,1119.9498838061397,374.13876779753593,265180.71689119126,189739.58251061366,63199.85720556623,12241.277175011368
2020-06-23 06:11:20.430223192,59349844.29858604,106594.41621614809,46064.26293121867,6897498.022266596,7050156.701413962,20956.23580438737,1196.758685106246,1096.0131044931693,366.1536931509103,266377.4755762975,190835.59561510684,63566.01089871714,11975.869062473517
2020-06-24 06:11:20.430223192,59329338.40858116,104194.99202411798,44992.8157647875,6921474.783629938,7070662.591418844,20505.890004881658,1170.3238001946231,1072.5046687701324,358.31096388645614,267547.7993764921,191908.10028387696,63924.321862603596,11715.377230011538
2020-06-25 06:11:20.430223192,59309297.047978655,101855.69606003696,43931.87305283532,6944916.382908471,7090703.952021344,20041.360602499917,1144.3989953722717,1049.4205359676719,350.609283612667,268692.1983718644,192957.52081984465,64274.931146216266,11459.746405803475
2020-06-26 06:11:20.430223192,59289759.8981847,99504.50635564512,42960.75657323405,6967775.83888642,7110241.101815299,19537.149793955497,1118.9797258575895,1026.7565085101987,343.0473089007142,269811.178097722,193984.27732835486,64617.97845511698,11208.922314250165
2020-06-27 06:11:20.430223192,59270685.174047776,97186.31493528513,42028.013551881544,6990101.497465058,7129315.825952224,19074.724136925302,1094.0619057009249,1004.5082758259841,335.6236499401929,270905.24000342295,194988.78560418086,64953.60210505717,10962.852294184922
2020-06-28 06:11:20.430223192,59252021.50293251,94960.0112895614,41066.454480086584,7011953.031297844,7147979.4970674915,18663.67111526709,1069.6376432834136,982.6714427749082,328.33687925897345,271974.87764670636,195971.45704695577,65281.93898431615,10721.481615434444
2020-06-29 06:11:20.430223192,59233759.361505836,92824.79837215676,40075.72132145435,7033341.11880055,7166241.638494161,18262.141426669434,1045.6972422084398,961.2415344883749,321.1855449470665,273020.5748889148,196932.69858144413,65603.12452926321,10484.751778207486
2020-06-30 06:11:20.430223192,59215929.75288487,90722.08485742682,39120.182642861866,7054228.979614838,7184071.247115127,17829.608620965853,1022.2339819894619,940.2140067737998,314.16817343463197,274042.80887090426,197872.91258821794,65917.29270269784,10252.603579988485
2020-07-01 06:11:20.430223192,59198570.61840455,88583.58477625175,38275.10093516159,7074571.695884028,7201430.381595442,17359.13448031526,999.2446581613708,919.5842741634253,307.2832609801266,275042.0535290656,198792.49686238135,66224.57596367797,10024.98070300631
2020-07-02 06:11:20.430223192,59181613.126837246,86494.18384080465,37444.18449402821,7094449.504827917,7218387.873162749,16957.491567307152,976.7245636467676,899.3477230185085,300.5292706312911,276018.7780927124,199691.84458539984,66525.10523430926,9801.828273003295
2020-07-03 06:11:20.430223192,59165008.11972057,84510.84813132102,36562.35534940508,7113919.676798702,7234992.880279428,16605.007116679102,954.6636420961981,879.4996860831288,293.90464431446685,276973.4417348086,200571.34427148296,66819.00987862372,9583.087584701934
2020-07-04 06:11:20.430223192,59148758.65182281,82615.99599625745,35648.10471099619,7132978.247469928,7251242.348177182,16249.467897753231,933.0510770368539,860.0354126769814,287.40781579067857,277906.49281184544,201431.37968415994,67106.4176944144,9368.695433271103
2020-07-05 06:11:20.430223192,59132919.31016449,80718.47287870207,34802.40399941284,7151560.812957394,7267081.689835509,15839.341658327729,911.8808507739168,840.9500834051778,281.037205530057,278818.3736626194,202272.32976756513,67387.45489994445,9158.588995109807
2020-07-06 06:11:20.430223192,59117504.17644754,78785.37331256134,34060.97933258642,7169650.470907312,7282496.8235524595,15415.133716950193,891.1505898133214,822.2388547029252,274.79120410345774,279709.5242524327,203094.56862226804,67662.24610404791,8952.709526116741
2020-07-07 06:11:20.430223192,59102428.755059056,76925.23667845473,33300.95200658597,7187346.056255897,7297572.2449409375,15075.421388478018,870.8547817556514,803.8968667063498,268.6681683870218,280580.37903418834,203898.46548897438,67930.91427243494,8750.999272779023
2020-07-08 06:11:20.430223192,59087665.51373399,75165.24635482111,32490.64753791537,7204679.592373272,7312335.486266009,14763.241325071082,850.9825401571125,785.919193819638,262.66643776690546,281431.36157434544,204684.384682794,68193.58071020184,8553.396181349584
2020-07-09 06:11:20.430223192,59073240.01029851,73456.7639527955,31683.465467318038,7221620.760281371,7326760.989701484,14425.503435475752,831.5238206973615,768.3008023081998,256.7843489710798,282262.88539504283,205452.6854851022,68450.36505917292,8359.8348507677
2020-07-10 06:11:20.430223192,59059204.93840827,71712.50584412836,30976.182781447846,7238107.372966151,7340796.061591727,14035.071890242398,812.4733420088136,751.0365774752853,251.02023089664277,283075.35873705166,206203.7220625775,68701.38529006956,8170.251384404604
2020-07-11 06:11:20.430223192,59045502.9682959,70003.02013280593,30288.529666082784,7254206.48190521,7354498.031704099,13701.97011237219,793.8270243234015,734.1213900078304,245.3723906338526,283869.18576137506,206937.84345258534,68946.75768070342,7984.584628086304
2020-07-12 06:11:20.430223192,59032097.335292794,68369.62785916904,29572.999531649162,7269961.037316387,7367903.664707204,13405.63300310541,775.5768921954784,717.5501194494972,239.8391120693329,284644.76265357056,207655.39357203484,69186.59679277275,7802.772288762979
2020-07-13 06:11:20.430223192,59018992.74706111,66794.4559167957,28848.543394099834,7285365.253627992,7381008.252938888,13104.588231683709,757.7135317657434,701.3176156087834,234.41866667012096,285402.4761853363,208356.7111876436,69421.01545944287,7624.749538249816
2020-07-14 06:11:20.430223192,59006223.818154566,65217.00297012475,28181.98614461865,7300378.192730691,7393777.181845435,12768.928906546906,740.230057468347,685.4186599795474,229.10931930108524,286142.70624280465,209042.12984762315,69650.12477874396,7450.451616437538
2020-07-15 06:11:20.430223192,58993767.43313026,63659.68510726717,27547.090997790267,7315026.790764686,7406233.566869743,12456.385024308227,723.121411191401,669.8479750838901,223.9093250144822,286865.82765399606,209711.97782270703,69874.03410375844,7279.815727530586
2020-07-16 06:11:20.430223192,58981590.34379432,62159.654606718854,26901.063998274032,7329349.937600686,7418410.656205679,12177.089335936122,706.380920167428,654.6002576446604,218.8169281491223,287572.2085741635,210366.5780803517,70092.85103190757,7112.779461904225
2020-07-17 06:11:20.430223192,58969687.41305944,60713.99646805756,26246.123239252876,7343353.467233246,7430313.586940557,11902.930734877475,690.000628323968,639.6701936370957,213.8303688719048,288262.2092024875,211006.2482739888,70306.68140077947,6949.279527719205
2020-07-18 06:11:20.430223192,58958076.80291736,59286.61973943603,25621.770202026804,7357015.8071411755,7441924.197082639,11610.610142081976,673.9739101930729,625.0524575538009,208.94788954007296,288936.18311268056,211631.3007315426,70515.62929031954,6789.253090818413
2020-07-19 06:11:20.430223192,58946761.72076309,57863.05992036541,25043.23945780585,7370332.979858738,7453239.27923691,11315.082154271193,658.295748698421,610.7417218029689,204.16773633193208,289594.478861379,212242.04245334558,70719.79702665147,6632.639381381916
2020-07-20 06:11:20.430223192,58935707.43231694,56483.420638291616,24464.458114201283,7383345.688930567,7464293.567683061,11054.28844615072,642.9603514571714,596.7326778548656,199.4881615442211,290237.43921283615,212838.77513120044,70919.2851881957,6479.378893440007
2020-07-21 06:11:20.430223192,58924898.72736049,55160.02924814898,23870.571790671005,7396071.671600689,7475102.272639509,10808.704956448637,627.9601748511461,583.0200524924828,194.9074304646673,290865.39938768727,213421.7951836929,71114.19261866037,6329.41158533399
2020-07-22 06:11:20.430223192,58914340.959265985,53875.940674258214,23279.644756734655,7408504.455303023,7485660.040734015,10557.768094506115,613.2881639224129,569.5986181726205,190.42382731173387,291478.6875516097,213991.39380186555,71304.6164459721,6182.677303772056
2020-07-23 06:11:20.430223192,58904057.18847085,52589.02945042849,22738.063244594552,7420616.718834128,7495943.811529151,10283.770795135759,598.9392983283029,556.4632090901315,186.03565455321353,292077.626849938,214547.8570109557,71490.65210052532,6039.117738457004
2020-07-24 06:11:20.430223192,58894033.31819527,51310.59743617476,22232.18290782077,7432424.901460733,7505967.681804729,10023.87027557753,584.9091378768077,543.6087386736385,181.74122995759808,292662.53598781483,215091.46574962934,71672.39333048291,5898.676907702582
2020-07-25 06:11:20.430223192,58884232.50953924,50084.72628699229,21711.49460045669,7443972.26957331,7515768.490460759,9800.808656030335,571.19110251657,531.0302010912219,177.53888908820457,293233.7270903314,215622.49595072056,71849.93221957111,5761.298920039699
2020-07-26 06:11:20.430223192,58874643.45380354,48919.09514483496,21166.437451320417,7455272.0136003075,7525357.546196463,9589.055735703558,557.7770242490702,518.7226575611178,173.42699152116677,293791.50411458046,216141.2186082817,72023.35921109228,5626.926295206489
2020-07-27 06:11:20.430223192,58865280.819653325,47784.33720827299,20629.13135608868,7466306.711782309,7534720.180346671,9362.634150207974,544.6603545783817,506.6812303366112,169.4039209556746,294336.16446915886,216647.8998386183,72192.76313204796,5495.501498492609
2020-07-28 06:11:20.430223192,58856176.42895861,46626.68264227395,20159.16219638459,7477038.726202733,7543824.571041391,9104.39069472067,531.8373384377503,494.9011136451216,165.46807677196782,294868.0018075966,217142.8009522634,72358.23120881993,5366.969646513258
2020-07-29 06:11:20.430223192,58847299.53358972,45482.19249690924,19715.10167324413,7487504.172240124,7552701.466410277,8876.89536888618,519.3043033764981,483.3775785227284,161.6178675786206,295387.30611097306,217626.17853078613,72519.84907639855,5241.278503788388
2020-07-30 06:11:20.430223192,58838612.61217534,44396.81041702871,19244.39157513708,7497747.185832495,7561388.387824661,8686.921414383687,507.0543609742,472.1059502386548,157.85171603209477,295894.36047194724,218098.28448102478,72677.70079243064,5118.37519849182
2020-07-31 06:11:20.430223192,58830111.797028065,43368.419909421216,18748.562465217525,7507772.220597299,7569889.202971937,8500.815147276036,495.0791474834358,461.0815773475327,154.16806858779935,296389.4396194307,218559.3660583723,72831.86886101843,4998.204700039947
2020-08-01 06:11:20.430223192,58821825.19370061,42349.250852153615,18280.532404220823,7517546.023043013,7578175.8062993875,8286.603327450342,483.372650222257,450.29983159589005,150.56539581486604,296872.81226965296,219009.6658899682,72982.4342568333,4880.712122851473
2020-08-02 06:11:20.430223192,58813769.678757004,41307.7846429641,17874.95493585457,7527048.581664175,7586231.321242994,8055.51494360622,471.93158771724154,439.7561409855757,147.0421820427718,297344.7438573702,219449.42203095378,73129.47643887607,4765.845387540379
2020-08-03 06:11:20.430223192,58805898.71435187,40303.53659447599,17464.050546930455,7536334.698506721,7594102.285648128,7870.96440513432,460.75184888386445,429.4460117372441,143.59691807168517,297805.4957062541,219878.86804269103,73273.07335694775,4653.554306615319
2020-08-04 06:11:20.430223192,58798197.98716178,39350.00138157156,17031.834800882993,7545421.176655769,7601803.012838224,7700.727190095931,449.82647806650476,419.36500759474586,140.22810566926802,298255.3221843206,220298.23305028578,73413.30146261702,4543.787671417798
2020-08-05 06:11:20.430223192,58790678.95348136,38423.89543743003,16603.74032900936,7554294.410752199,7609322.046518638,7519.03368041385,439.14858263207964,409.5087121915217,136.93426549732555,298694.47076695267,220707.7417624773,73550.23572811435,4436.493276361027
2020-08-06 06:11:20.430223192,58783362.83573443,37488.08944866231,16220.803820912548,7562929.270995999,7616638.164265574,7316.117746936157,428.7134249726293,399.8727213573937,133.71393690331155,299123.1841919253,221107.61448383468,73683.94966501766,4331.620043072937
2020-08-07 06:11:20.430223192,58776221.955678515,36575.67996078909,15845.020534808318,7571358.343825891,7623779.044321488,7140.880055913702,418.516967433201,390.4526690471364,130.56567204966743,299541.7011593585,221498.06715288182,73814.51533706732,4229.1186694093485
2020-08-08 06:11:20.430223192,58769242.063687466,35700.66622778035,15459.891235440771,7579598.378849315,7630758.936312537,6979.891991049051,408.55374673467026,381.24424832479036,127.48803394511671,299950.2549060932,221879.31140120662,73942.00337101244,4128.940133874115
2020-08-09 06:11:20.430223192,58762425.45823961,34853.47176963301,15075.478769934172,7587646.5912208315,7637575.541760399,6816.605447862297,398.81798933290736,372.2432047964125,124.4795995833386,300349.07289542607,222251.55460600305,74066.48297059578,4031.035318827242
2020-08-10 06:11:20.430223192,58755785.46900441,34008.84966313979,14719.50815310075,7595487.173179358,7644215.530995599,6639.989235199988,389.3050936938316,363.4453206040138,121.53896204900653,300738.3779891199,222614.99992660707,74188.02193264478,3935.356129868058
2020-08-11 06:11:20.430223192,58749309.362739205,33179.041350106505,14377.502592005048,7603135.093318687,7650691.637260798,6476.106265199371,380.0111208757944,354.84641219321134,118.66473027407268,301118.3891099957,222969.84633880027,74306.68666291886,3841.856108276552
2020-08-12 06:11:20.430223192,58742982.08172922,32379.75674383733,14031.085869049577,7610608.075657897,7657018.9182707835,6327.281009985134,370.931360034379,346.4423396913407,115.85553044919321,301489.32047003007,223316.2886784916,74422.54219336805,3750.4895981704176
2020-08-13 06:11:20.430223192,58736800.57983741,31609.619553751007,13681.141002415612,7617909.659606427,7663200.420162594,6181.501891810447,362.06066605724004,338.22901559091395,113.11000991019408,301851.3811360873,223654.51769408252,74535.65220327824,3661.211238726537
2020-08-14 06:11:20.430223192,58730772.686339475,30851.79468594837,13345.978849579762,7625030.540125001,7669228.313660529,6027.893497935496,353.3946653563571,330.2024125272993,110.42683967265609,302204.77580144367,223984.7201066098,74646.07904295089,3573.976651882971
2020-08-15 06:11:20.430223192,58724903.33819477,30093.717578196032,13039.116048824011,7631964.828178209,7675097.661805229,5869.348144699819,344.9298354405612,322.35857493033313,107.80471426242238,302549.7056368842,224307.07868154015,74753.88375721332,3488.743198130731
2020-08-16 06:11:20.430223192,58719173.160267964,29357.795088814222,12734.679672015325,7638735.364971212,7680827.839732042,5730.177926812321,336.66224561263914,314.6936298392717,105.24235205153067,302886.36788249685,224621.77231137943,74859.12610926485,3405.469461852568
2020-08-17 06:11:20.430223192,58713570.89037872,28654.927482842824,12419.769909790395,7645355.412228648,7686430.109621281,5602.269889239222,328.58686330920375,307.2037897147405,102.73849797312361,303214.95474580606,224928.9761010942,74961.86460723798,3324.1140374738898
2020-08-18 06:11:20.430223192,58708097.54125825,27978.538096719156,12101.194045382877,7651823.72659965,7691903.458741752,5473.3491204716265,320.69882323877596,299.88535100451827,100.29192528889644,303535.65356904484,225228.8614520987,75062.15653252687,3244.6355844192585
2020-08-19 06:11:20.430223192,58702766.32015881,27304.68852593426,11805.336718286555,7658124.654596972,7697234.679841193,5331.22109944094,312.9946023736194,292.734696707302,97.90143289599699,303848.64817141846,225521.596148806,75160.05796542288,3166.9940571895713
2020-08-20 06:11:20.430223192,58697579.978464514,26624.539473582772,11541.584122835875,7664254.897939074,7702421.0215354925,5186.341694299132,305.4714657343138,285.74829956225005,95.56584086939279,304154.11963715276,225807.34444836827,75255.62380629228,3091.151382492215
2020-08-21 06:11:20.430223192,58692513.09760967,25969.741440602782,11273.696590856582,7670244.46435888,7707487.902390339,5066.88085484691,298.12563611415675,278.92271435126565,93.28398995651139,304452.2452732669,226086.26716271954,75348.9077962488,3017.0703142985876
2020-08-22 06:11:20.430223192,58687554.113549724,25352.196052436666,10987.701468480269,7676106.988929365,7712446.886450281,4958.984059941955,290.95183522248976,272.25456019588125,91.0547453666162,304743.1971084894,226358.5217229154,75439.96254161542,2944.7128439585795
2020-08-23 06:11:20.430223192,58682708.65444689,24759.268646491735,10697.295923802907,7681835.780982821,7717292.345553116,4845.459102834575,283.9452762316552,265.7405102156399,88.87699827781535,305027.1423847211,226624.26223313104,75528.83953989323,2874.040611696808
2020-08-24 06:11:20.430223192,58677997.85155003,24156.209056754094,10441.118536662976,7687405.82085656,7722003.148449977,4710.802896860987,277.1030671717999,259.3772990266043,86.74966073775042,305304.2454518929,226883.63953215766,75615.58920063099,2805.0167191042565
2020-08-25 06:11:20.430223192,58673412.59228639,23551.717254408493,10208.8433936866,7692827.847065516,7726588.407713611,4585.25926363375,270.4230899960644,253.1617334488412,84.67165907928583,305574.66854188894,227136.8012656065,75700.26085971028,2737.6064165721473
2020-08-26 06:11:20.430223192,58668928.49808842,22976.476791123063,9965.366615215824,7698130.658505247,7731072.501911586,4484.094197975472,263.9017017553677,247.09068447968167,82.64193374304031,305838.5702436443,227383.8919500862,75782.90279345332,2671.775500104777
2020-08-27 06:11:20.430223192,58664541.43962265,22432.24469883076,9708.205757719328,7703319.109920808,7735459.560377358,4387.058465772308,257.53393863360674,241.1610636907498,80.65944490092609,306096.1041822779,227625.05301377695,75863.56223835425,2607.488930146719
2020-08-28 06:11:20.430223192,58660264.60843959,21896.04703335772,9462.773826804261,7708377.570700262,7739736.391560424,4276.83118306566,251.31566587838088,235.36981129394587,78.72317533140813,306347.4198481563,227860.4228250709,75942.28541368566,2544.711609399703
2020-08-29 06:11:20.430223192,58656106.220350176,21352.135595303258,9246.348947237302,7713296.295107291,7743894.779649831,4158.388089407235,245.24422029278804,229.7139102834567,76.83212651268391,306592.66406844906,228090.13673535438,76019.11754019835,2483.409792896331
2020-08-30 06:11:20.430223192,58652044.891998135,20827.28061501486,9028.277151516511,7718100.550235348,7747956.108001879,4061.328352048062,239.31687133005468,224.19040730501337,74.98531347399562,306831.9809397791,228314.3271426594,76094.10285367235,2423.550943447335
2020-08-31 06:11:20.430223192,58648074.92957838,20325.854042373463,8803.168170535277,7722797.048208727,7751926.070421635,3969.962419755757,233.52978030095267,218.79641347997512,73.18176429207706,307065.51072008006,228533.12355613938,76167.28461796443,2365.102545976246
2020-09-01 06:11:20.430223192,58644201.31163863,19837.017521429992,8582.795138739493,7727379.875701212,7755799.688361382,3873.6179397469386,227.87917262560944,213.52908613371844,71.42052238027452,307293.38989270566,228746.6526422731,76238.7051403447,2308.03211008785
2020-09-02 06:11:20.430223192,58640430.45701926,19347.95425744277,8381.173045287669,7731841.415678014,7759570.5429807445,3770.8546193623915,222.36213866540504,208.3856143872291,69.70064680922923,307515.75203137106,228955.03825666034,76308.40578715393,2252.307987556793
2020-09-03 06:11:20.430223192,58636750.15748368,18872.632316417243,8182.119148419794,7736196.091051489,7763250.842516326,3680.299535581842,216.97600459918257,203.36322043593043,68.02121096780685,307732.72803597024,229158.40147709625,76376.42699812174,2197.899560752252
2020-09-04 06:11:20.430223192,58633154.83156641,18415.603896924782,7980.077821133003,7740450.486715544,7766846.168433602,3595.3259172756225,211.71758787508378,198.4591670027177,66.38130269233132,307944.4456238453,229356.86064409898,76442.80830081407,2144.7766789322777
2020-09-05 06:11:20.430223192,58629645.32830713,17972.28291034741,7779.8101532034625,7744603.578629326,7770355.671692877,3509.5032592751086,206.5837209837041,193.67076057454875,64.78002594683056,308151.02934482903,229550.53140467353,76507.5883267609,2092.9096133946005
2020-09-06 06:11:20.430223192,58626227.21733968,17531.395481976306,7593.630243994667,7748648.756934353,7773773.782660324,3418.11096744705,201.57178942738906,188.9953525586181,63.216501805907924,308352.6011342564,229739.52675723215,76570.8048285668,2042.2695484574506
2020-09-07 06:11:20.430223192,58622894.80129346,17097.895499115646,7415.557126498936,7752592.746080928,7777106.198706542,3332.4160462180153,196.67941989369783,184.4303433664056,61.689868647561354,308549.2805541501,229923.95710059855,76632.49469721437,1992.8287563371996
2020-09-08 06:11:20.430223192,58619639.70635783,16680.650731902304,7235.201741326756,7756445.441168948,7780361.293642177,3255.094935635105,191.90381565219002,179.97318770615215,60.199283194787924,308741.1843698023,230103.9302883047,76692.69398040915,1944.5601010884566
2020-09-09 06:11:20.430223192,58616459.54627679,16280.018071657638,7051.784706900442,7760209.650944657,7783541.453723215,3180.16008103732,187.2419401700034,175.62139802506908,58.74392225965037,308928.4263099723,230279.55168632977,76751.4379026688,1897.4367209737393
2020-09-10 06:11:20.430223192,58613357.69067529,15888.175076939024,6873.762704821348,7763881.3715429595,7786643.30932472,3101.8556015053764,182.69119556594177,171.37254770762513,57.32298312776257,309111.1175055382,230450.9242340374,76808.76088579655,1851.4323857042618
2020-09-11 06:11:20.430223192,58610340.08277738,15493.680805065687,6713.683755825833,7767453.552661733,7789660.917222625,3017.6078979047015,178.24955865113768,167.22427537518956,55.93568215467997,309289.36706418934,230618.1485094126,76864.69656795124,1806.521986825508
2020-09-12 06:11:20.430223192,58607397.37959363,15107.076171673702,6559.303955828497,7770937.240278874,7792603.620406376,2942.7031837515533,173.9148888809636,163.17428639389686,54.58125376185262,309463.2819530703,230781.32279580648,76919.27782171308,1762.6813355507475
2020-09-13 06:11:20.430223192,58604519.92206939,14739.423689562229,6397.796526661266,7774343.85771439,7795481.077930613,2877.457524237223,169.68427677838775,159.22034823630568,53.25895134196459,309632.9662298487,230940.54314404278,76972.53677305505,1719.886312750852
2020-09-14 06:11:20.430223192,58601706.32093323,14389.995562078177,6229.646013771923,7777675.037490924,7798294.679066774,2813.6011361610144,165.55464535553068,155.36028396457868,51.96804818816752,309798.52087520424,231095.90342800735,77024.50482124322,1678.1126259536686
2020-09-15 06:11:20.430223192,58598963.41470268,14046.333721683097,6068.5807138005985,7780922.670861839,7801037.585297323,2742.9062305483967,161.52372547410863,151.59197075039657,50.70783556522626,309960.0446006784,231247.49539875775,77075.21265680843,1637.3365451121936
2020-09-16 06:11:20.430223192,58596298.615449786,13695.221273793344,5929.193186786205,7784077.970089642,7803702.384550222,2664.7992528993636,157.59008301571438,147.91334181942347,49.47761879360098,310117.6346836941,231395.40874057717,77124.69027560204,1597.5356675148942
2020-09-17 06:11:20.430223192,58593697.684329614,13354.539073998858,5790.992832538235,7787157.783763853,7806303.31567039,2600.9311201674864,153.7520323806299,144.32238242128574,48.27671549198091,310271.3867160747,231539.73112299846,77172.96699109403,1558.6886019822268
2020-09-18 06:11:20.430223192,58591154.55331856,13030.515797174587,5646.643121714369,7790169.287762559,7808846.446681448,2543.1310110585764,150.0068656793115,140.8171170658174,47.104457898870606,310421.393581754,231680.5482400643,77220.0714489929,1520.773892696816
2020-09-19 06:11:20.430223192,58588671.629178934,12717.28957980891,5502.458891786095,7793109.622349481,7811329.370821076,2482.924139628187,146.3517116128706,137.39559919224234,45.96019589033594,310567.7452933669,231817.94383925654,77266.03164488323,1483.7698092271312
2020-09-20 06:11:20.430223192,58586255.59092836,12402.931796057792,5371.608656121681,7795970.868619463,7813745.409071643,2416.03825056646,142.78434906104346,134.05591525620147,44.84329632449584,310710.5296424279,231951.99975451274,77310.87494120773,1447.654946707451
2020-09-21 06:11:20.430223192,58583898.87429065,12095.987660240435,5244.16234851633,7798761.975700593,7816102.125709349,2356.716637706384,139.30292033937678,130.79619874751154,43.7531392238225,310849.8325627673,232082.79595326024,77354.62808043155,1412.408529075532
2020-09-22 06:11:20.430223192,58581596.87490786,11800.814721834544,5114.921731966975,7801488.388638343,7818404.125092144,2301.9993827948347,135.90526963890497,127.61463690154913,42.68911449479455,310985.73783240624,232210.4105901618,77397.31719492633,1378.0100473181083
2020-09-23 06:11:20.430223192,58579349.78486793,11514.947423594986,4986.395722194242,7804149.871986288,7820651.215132077,2247.0900399331003,132.58917078140377,124.50946104954193,41.650620747369814,311118.3270031877,232334.92005121135,77438.9678156737,1344.4391363026225
2020-09-24 06:11:20.430223192,58577160.93504909,11231.472913286247,4866.119164362304,7806742.47287327,7822840.064950918,2188.849818840623,129.35273489298993,121.47892898816788,40.637064955110446,311247.67973808065,232456.3989801995,77479.60488062882,1311.6758772523317
2020-09-25 06:11:20.430223192,58575026.84603417,10953.292339651096,4750.556518751049,7809270.305107437,7824974.153965839,2134.0890149213374,126.19429212986452,118.52131260156253,39.64786232352965,311373.87403021054,232574.92029280108,77519.25274295235,1279.7009944571182
2020-09-26 06:11:20.430223192,58572942.90718468,10684.979539731154,4634.28978010771,7811738.823495483,7827058.092815322,2083.9388494826853,123.11199938721217,115.63489514251972,38.68243706799885,311496.98602959776,232690.5551879436,77557.93518002034,1248.4956616338168
2020-09-27 06:11:20.430223192,58570907.81683963,10426.412375571686,4517.207337283144,7814149.563447522,7829093.183160377,2035.0903450548649,120.10391490401813,112.81797522868852,37.74022407250466,311617.08994450176,232803.37316317228,77595.67540409285,1218.04137723663
2020-09-28 06:11:20.430223192,58568923.3477087,10173.108716689669,4404.124857275302,7816500.4187173415,7831077.652291306,1984.4691309295595,117.16833761684833,110.06887470424081,36.82067022244843,311734.2582821186,232913.44203787652,77632.49607431529,1188.320169926781
2020-09-29 06:11:20.430223192,58566990.25038939,9922.098702708756,4298.156732037945,7818790.494175873,7833010.74961062,1933.097319313325,114.30385075623784,107.38594844672545,35.92323492174309,311848.56213287485,233020.82798632325,77668.41930923704,1159.3148373145668
2020-09-30 06:11:20.430223192,58565103.98702116,9678.039270416726,4193.8138156420655,7821025.159892787,7834897.012978846,1886.2633682265878,111.50899613931709,104.76759277040773,35.04739065261294,311960.0711290142,233125.59557909364,77703.46669988966,1131.008850030892
