SIMULATION NAME,UK lockdown,UK lockdown,UK lockdown,UK lockdown,UK lockdown,UK lockdown,UK lockdown,UK lockdown,UK lockdown,Unconstrained baseline,Unconstrained baseline,Unconstrained baseline,Unconstrained baseline,Unconstrained baseline,Unconstrained baseline,Unconstrained baseline,Unconstrained baseline,Unconstrained baseline
PROJECTION,All exposed,Daily exposed,Daily cases,Daily recovered,Daily deaths,All cases,All recovered,All deaths,Active cases,All exposed,Daily exposed,Daily cases,Daily recovered,Daily deaths,All cases,All recovered,All deaths,Active cases
Date,,,,,,,,,,,,,,,,,,
2020-01-25,1.0,0.0,0.0,0.0,0.0,0.0,0.0,0.0,0.0,1.0,0.0,0.0,0.0,0.0,0.0,0.0,0.0,0.0
2020-01-26,2.288004003540968,1.288004003540968,3.470474111539568e-11,7.988262574629179e-20,5.881616589853929e-35,3.470474111539568e-11,7.988262574629179e-20,5.881616589853929e-35,3.470474103551305e-11,2.288004003540968,1.288004003540968,3.470474111539568e-11,7.988262574629179e-20,5.881616589853929e-35,3.470474111539568e-11,7.988262574629179e-20,5.881616589853929e-35,3.470474103551305e-11
2020-01-27,3.3517143386082515,1.0637103350672836,3.290029830585752e-07,1.4021302646394483e-15,4.546033038306952e-24,3.290376877996906e-07,1.4022101472651945e-15,4.546033038365768e-24,3.2903768639748044e-07,3.3517143386082515,1.0637103350672836,3.290029830585752e-07,1.4021302646394483e-15,4.546033038306952e-24,3.290376877996906e-07,1.4022101472651945e-15,4.546033038365768e-24,3.2903768639748044e-07
2020-01-28,4.4817076515853795,1.129993312977128,1.576920653128521e-05,6.175270440795159e-12,1.9059228239368002e-19,1.60982442190849e-05,6.1766726509424246e-12,1.9059682842671838e-19,1.609823804241206e-05,4.4817076515853795,1.129993312977128,1.576920653128521e-05,6.175270440795159e-12,1.9059228239368002e-19,1.60982442190849e-05,6.1766726509424246e-12,1.9059682842671838e-19,1.609823804241206e-05
2020-01-29,5.826762067792675,1.3450544162072955,0.0001569295584125826,5.388014868760762e-10,1.4622392758291386e-15,0.0001730278026316675,5.449781595270186e-10,1.4624298726575653e-15,0.00017302725765204555,5.826762067792675,1.3450544162072955,0.0001569295584125826,5.388014868760762e-10,1.4622392758291386e-15,0.0001730278026316675,5.449781595270186e-10,1.4624298726575653e-15,0.00017302725765204555
2020-01-30,7.492239102242176,1.6654770344495011,0.0007276737116730299,1.659751606240915e-08,6.570115025622093e-13,0.0009007015143046974,1.714249422193617e-08,6.584739324348669e-13,0.0009006843711520015,7.492239102242176,1.6654770344495011,0.0007276737116730299,1.659751606240915e-08,6.570115025622093e-13,0.0009007015143046974,1.714249422193617e-08,6.584739324348669e-13,0.0009006843711520015
2020-01-31,9.578477441195567,2.0862383389533905,0.0021610027781208646,2.2946951082133487e-07,5.817988244680112e-11,0.0030617042924255622,2.46612005043271e-07,5.883835637923599e-11,0.0030614576215821625,9.578477441195567,2.0862383389533905,0.0021610027781208646,2.2946951082133487e-07,5.817988244680112e-11,0.0030617042924255622,2.46612005043271e-07,5.883835637923599e-11,0.0030614576215821625
2020-02-01,12.204462978688428,2.625985537492861,0.004821139777447353,1.836246898063056e-06,2.097721399229941e-09,0.007882844069872916,2.082858903106327e-06,2.156559755609177e-09,0.007880759054410054,12.204462978688428,2.625985537492861,0.004821139777447353,1.836246898063056e-06,2.097721399229941e-09,0.007882844069872916,2.082858903106327e-06,2.156559755609177e-09,0.007880759054410054
2020-02-02,15.510107405453368,3.3056444267649407,0.008865019070784845,9.866388839821087e-06,3.726510709490357e-08,0.01674786314065776,1.1949247742927413e-05,3.942166685051275e-08,0.016735874471247983,15.510107405453368,3.3056444267649407,0.008865019070784845,9.866388839821087e-06,3.726510709490357e-08,0.01674786314065776,1.1949247742927413e-05,3.942166685051275e-08,0.016735874471247983
2020-02-03,19.675604498543944,4.1654970930905755,0.014261178073545485,3.9205891770365426e-05,3.860612593720228e-07,0.031009041214203246,5.115513951329284e-05,4.2548292622253556e-07,0.03095746059176373,19.675604498543944,4.1654970930905755,0.014261178073545485,3.9205891770365426e-05,3.860612593720228e-07,0.031009041214203246,5.115513951329284e-05,4.2548292622253556e-07,0.03095746059176373
2020-02-04,24.925468117068448,5.249863618524504,0.020916823851256552,0.00012316015519746423,2.6275906089793576e-06,0.0519258650654598,0.00017431529471075707,3.053073535201893e-06,0.05174849669721384,24.925468117068448,5.249863618524504,0.020916823851256552,0.00012316015519746423,2.6275906089793576e-06,0.0519258650654598,0.00017431529471075707,3.053073535201893e-06,0.05174849669721384
2020-02-05,31.53541255342665,6.609944436358202,0.02881691444037282,0.00032094063205853927,1.279695761419572e-05,0.08074277950583261,0.0004952559267692963,1.5850031149397612e-05,0.08023167354791391,31.53541255342665,6.609944436358202,0.02881691444037282,0.00032094063205853927,1.279695761419572e-05,0.08074277950583261,0.0004952559267692963,1.5850031149397612e-05,0.08023167354791391
2020-02-06,39.865468911397876,8.330056357971227,0.03811497837772229,0.0007192653311302672,4.754165263282066e-05,0.1188577578835549,0.0012145212578995633,6.339168378221827e-05,0.11757984494187312,39.865468911397876,8.330056357971227,0.03811497837772229,0.0007192653311302672,4.754165263282066e-05,0.1188577578835549,0.0012145212578995633,6.339168378221827e-05,0.11757984494187312
2020-02-07,50.37074475594068,10.505275844542801,0.049167333237113274,0.0014256324780517861,0.0001415510750465812,0.16802509112066819,0.0026401537359513495,0.00020494275882879944,0.16517999462588803,50.37074475594068,10.505275844542801,0.049167333237113274,0.0014256324780517861,0.0001415510750465812,0.16802509112066819,0.0026401537359513495,0.00020494275882879944,0.16517999462588803
2020-02-08,63.616974586471024,13.246229830530346,0.06253213100888964,0.0025554802542303067,0.0003512704272185858,0.23055722212955782,0.005195633990181656,0.0005562131860473852,0.22480537495332878,63.616974586471024,13.246229830530346,0.06253213100888964,0.0025554802542303067,0.0003512704272185858,0.23055722212955782,0.005195633990181656,0.0005562131860473852,0.22480537495332878
2020-02-09,80.26802929062899,16.651054704157964,0.07896032695305474,0.004219173675903048,0.0007500518484708607,0.30951754908261253,0.009414807666084704,0.001306265034518246,0.29879647638200957,80.26802929062899,16.651054704157964,0.07896032695305474,0.004219173675903048,0.0007500518484708607,0.30951754908261253,0.009414807666084704,0.001306265034518246,0.29879647638200957
2020-02-10,101.23162194976265,20.963592659133667,0.09939913688212207,0.006515232520112005,0.001415018157503793,0.4089166859647346,0.01593004018619671,0.002721283192022039,0.3902653625865159,101.23162194976265,20.963592659133667,0.09939913688212207,0.006515232520112005,0.001415018157503793,0.4089166859647346,0.01593004018619671,0.002721283192022039,0.3902653625865159
2020-02-11,127.6773702276673,26.44574827790464,0.12501755753579882,0.009533543492893442,0.002412204255352744,0.5339342435005334,0.02546358367909015,0.005133487447374783,0.5033371723740685,127.6773702276673,26.44574827790464,0.12501755753579882,0.009533543492893442,0.002412204255352744,0.5339342435005334,0.02546358367909015,0.005133487447374783,0.5033371723740685
2020-02-12,161.0449274275134,33.36755719984609,0.15725281656225734,0.013368428716490365,0.003788554220498417,0.6911870600627907,0.03883201239558051,0.0089220416678732,0.643433005999337,161.0449274275134,33.36755719984609,0.15725281656225734,0.013368428716490365,0.003788554220498417,0.6911870600627907,0.03883201239558051,0.0089220416678732,0.643433005999337
2020-02-13,203.15520532861302,42.110277901099636,0.19787597859047965,0.018138500803239258,0.005575611673588492,0.8890630386532704,0.05697051319881977,0.014497653341461691,0.817594872112989,203.15520532861302,42.110277901099636,0.19787597859047965,0.018138500803239258,0.005575611673588492,0.8890630386532704,0.05697051319881977,0.014497653341461691,0.817594872112989
2020-02-14,256.0610527290364,52.9058474004234,0.24908521313291582,0.024009314430675402,0.007803570416095925,1.1381482517861863,0.08097982762949517,0.022301223757557616,1.0348672003991335,256.0610527290364,52.9058474004234,0.24908521313291582,0.024009314430675402,0.007803570416095925,1.1381482517861863,0.08097982762949517,0.022301223757557616,1.0348672003991335
2020-02-15,322.6095680460355,66.5485153169991,0.31363701019594253,0.031215756599447517,0.010520146429021096,1.4517852619821288,0.11219558422894269,0.03282137018657871,1.3067683075666074,322.6095680460355,66.5485153169991,0.31363701019594253,0.031215756599447517,0.010520146429021096,1.4517852619821288,0.11219558422894269,0.03282137018657871,1.3067683075666074
2020-02-16,406.59501245523427,83.98544440919875,0.395013785228223,0.04008299643181335,0.013808426043460971,1.8467990472103517,0.15227858066075603,0.04662979623003968,1.647890670319556,406.59501245523427,83.98544440919875,0.395013785228223,0.04008299643181335,0.013808426043460971,1.8467990472103517,0.15227858066075603,0.04662979623003968,1.647890670319556
2020-02-17,512.8640738226172,106.26906136738296,0.4976117367869827,0.051046719322100295,0.01780043705546283,2.3444107839973345,0.2033252999828563,0.06443023328550251,2.0766552507289755,512.8640738226172,106.26906136738296,0.4976117367869827,0.051046719322100295,0.01780043705546283,2.3444107839973345,0.2033252999828563,0.06443023328550251,2.0766552507289755
2020-02-18,646.4158965635959,133.55182274097865,0.626946746881807,0.06467480439299476,0.022686446641674567,2.9713575308791413,0.2680001043758511,0.08711667992717709,2.616240746576113,646.4158965635959,133.55182274097865,0.626946746881807,0.06467480439299476,0.022686446641674567,2.9713575308791413,0.2680001043758511,0.08711667992717709,2.616240746576113
2020-02-19,813.9993284725917,167.58343190899586,0.7899314202151118,0.0816934698517544,0.028722211652683495,3.761288951094253,0.3496935742276055,0.11583889157986058,3.2957564852867867,813.9993284725917,167.58343190899586,0.7899314202151118,0.0816934698517544,0.028722211652683495,3.761288951094253,0.3496935742276055,0.11583889157986058,3.2957564852867867
2020-02-20,1025.32359763384,211.32426916124837,0.995290660557583,0.10302122637845058,0.03623713915396515,4.756579611651836,0.45271480060605607,0.15207603073382572,4.151788780311954,1025.32359763384,211.32426916124837,0.995290660557583,0.10302122637845058,0.03623713915396515,4.756579611651836,0.45271480060605607,0.15207603073382572,4.151788780311954
2020-02-21,1293.0105977016956,267.6870000678555,1.2540826644386227,0.12981378783051004,0.04564606869637138,6.010662276090459,0.5825285884365661,0.1977220994301971,5.230411588223696,1293.0105977016956,267.6870000678555,1.2540826644386227,0.12981378783051004,0.04564606869637138,6.010662276090459,0.5825285884365661,0.1977220994301971,5.230411588223696
2020-02-22,1629.9713777469083,336.9607800452127,1.5802300533187161,0.16352272179239585,0.057466874305769244,7.590892329409175,0.7460513102289619,0.2551889737359664,6.589652045444247,1629.9713777469083,336.9607800452127,1.5802300533187161,0.16352272179239585,0.057466874305769244,7.590892329409175,0.7460513102289619,0.2551889737359664,6.589652045444247
2020-02-23,2052.524898822559,422.5535210756507,1.9911517208290357,0.205970792730572,0.07234560147655728,9.58204405023821,0.9520221029595339,0.32753457521252366,8.302487372066153,2052.524898822559,422.5535210756507,1.9911517208290357,0.205970792730572,0.07234560147655728,9.58204405023821,0.9520221029595339,0.32753457521252366,8.302487372066153
2020-02-24,2585.2309906770847,532.7060918545258,2.5087649163799783,0.2594480495531043,0.09109033866519696,12.090808966618187,1.2114701525126383,0.4186249138777206,10.460713900227827,2585.2309906770847,532.7060918545258,2.5087649163799783,0.2594480495531043,0.09109033866519696,12.090808966618187,1.2114701525126383,0.4186249138777206,10.460713900227827
2020-02-25,3259.5393311937837,674.308340516699,3.1608729282591037,0.3268340523520855,0.11471466753020276,15.25168189487729,1.538304204864724,0.5333395814079234,13.180038108604641,3259.5393311937837,674.308340516699,3.1608729282591037,0.3268340523520855,0.11471466753020276,15.25168189487729,1.538304204864724,0.5333395814079234,13.180038108604641
2020-02-26,4107.479453345545,847.9401221517614,3.982617010006609,0.41175237976013945,0.1444920287689752,19.2342989048839,1.9500565846248634,0.6778316101768986,16.606410710082137,4107.479453345545,847.9401221517614,3.982617010006609,0.41175237976013945,0.1444920287689752,19.2342989048839,1.9500565846248634,0.6778316101768986,16.606410710082137
2020-02-27,5173.331621017935,1065.8521676723894,5.018060170863075,0.5187645742393001,0.18202390959726655,24.252359075746973,2.4688211588641638,0.8598555197741652,20.923682397108646,5173.331621017935,1065.8521676723894,5.018060170863075,0.5187645742393001,0.18202390959726655,24.252359075746973,2.4688211588641638,0.8598555197741652,20.923682397108646
2020-02-28,6518.947117780421,1345.6154967624861,6.322561098129018,0.6536137354385085,0.22932619982530567,30.57492017387599,3.122434894302672,1.0891817195994709,26.36330355997385,6518.947117780421,1345.6154967624861,6.322561098129018,0.6536137354385085,0.22932619982530567,30.57492017387599,3.122434894302672,1.0891817195994709,26.36330355997385
2020-02-29,8216.33070336235,1697.3835855819289,7.966096288706452,0.8235323657776727,0.2889381184730898,38.54101646258244,3.945967260080345,1.3781198380725606,33.21692936442953,8216.33070336235,1697.3835855819289,7.966096288706452,0.8235323657776727,0.2889381184730898,38.54101646258244,3.945967260080345,1.3781198380725606,33.21692936442953
2020-03-01,10350.550635108482,2134.2199317461327,10.037002007489289,1.0376319834832457,0.3640581378346621,48.578018470071726,4.9835992435635905,1.7421779759072227,41.85224125060091,10350.550635108482,2134.2199317461327,10.037002007489289,1.0376319834832457,0.3640581378346621,48.578018470071726,4.9835992435635905,1.7421779759072227,41.85224125060091
2020-03-02,13039.10292724649,2688.552292138007,12.646401122106413,1.3073938452254747,0.458714073853874,61.22441959217814,6.290993088789065,2.2008920497610966,52.73253445362798,13039.10292724649,2688.552292138007,12.646401122106413,1.3073938452254747,0.458714073853874,61.22441959217814,6.290993088789065,2.2008920497610966,52.73253445362798
2020-03-03,16433.549167421406,3394.446240174917,15.93424935872696,1.6472851892364884,0.5779789441860207,77.1586689509051,7.938278278025553,2.7788709939471175,66.44151967893242,16433.549167421406,3394.446240174917,15.93424935872696,1.6472851892364884,0.5779789441860207,77.1586689509051,7.938278278025553,2.7788709939471175,66.44151967893242
2020-03-04,20706.943027017016,4273.39385959561,20.07701934274475,2.0755348025270863,0.7282457105993714,97.23568829364984,10.013813080552639,3.5071167045464886,83.71475850855072,20706.943027017016,4273.39385959561,20.07701934274475,2.0755348025270863,0.7282457105993714,97.23568829364984,10.013813080552639,3.5071167045464886,83.71475850855072
2020-03-05,26081.349597506472,5374.4065704894565,25.296875592685964,2.615111468911241,0.9175728356450288,122.53256388633581,12.62892454946388,4.424689540191517,105.47894979668041,26081.349597506472,5374.4065704894565,25.296875592685964,2.615111468911241,0.9175728356450288,122.53256388633581,12.62892454946388,4.424689540191517,105.47894979668041
2020-03-06,32855.273765421276,6773.924167914804,31.87358048153874,3.2949579397648368,1.1561157724979692,154.40614436787456,15.923882489228717,5.5808053126894865,132.90145656595635,32855.273765421276,6773.924167914804,31.87358048153874,3.2949579397648368,1.1561157724979692,154.40614436787456,15.923882489228717,5.5808053126894865,132.90145656595635
2020-03-07,41406.65987403666,8551.386108615385,40.15999317980552,4.151545362103647,1.456669275229392,194.56613754768009,20.075427851332364,7.0374745879188785,167.45323510842886,41411.91091446311,8556.637149041831,40.159993179947,4.151545362103647,1.456669275229392,194.56613754782157,20.075427851332364,7.0374745879188785,167.45323510857034
2020-03-08,52172.73491920877,10766.07504517211,50.60053124292722,5.230830275483977,1.835353972961207,245.1666687906073,25.306258126816342,8.872828560880086,210.98758210291086,52181.78220123421,10769.8712867711,50.600532584219025,5.230830275483982,1.835353972961207,245.1666701320406,25.306258126816346,8.872828560880086,210.98758344434415
2020-03-09,65702.98657738052,13530.25165817175,63.753821274157126,6.590717984096897,2.3124841269042555,308.9204900647644,31.89697611091324,11.185312687784341,265.83820126606685,65704.7223694425,13522.940168208297,63.75388542501069,6.590717984122073,2.3124841269042555,308.9205555570513,31.896976110938418,11.185312687784341,265.83826675832853
2020-03-10,82718.71391341626,17015.727336035736,80.32343473560168,8.304164662752425,2.9136594171461394,389.2439248003661,40.201140773665664,14.09897210493048,334.94381192176996,82734.14804048077,17029.42567103826,80.32406497306779,8.30416466494645,2.9136594171461456,389.24462053011905,40.201140775884866,14.098972104930487,334.94450764930366
2020-03-11,103805.26535486146,21086.551441445205,101.19771449570905,10.463085762908213,3.6711371643118293,490.4416392960751,50.66422653657388,17.770109269242308,422.0073034902589,104242.35318624318,21508.20514576242,101.20047949265667,10.463085830293293,3.671137164314507,490.4451000227757,50.66422660617816,17.770109269244994,422.0107641473526
2020-03-12,129153.04879292223,25347.783438060767,127.49532203505461,13.1832767477828,4.625558915982873,617.9369613311297,63.84750328435668,22.395668185225183,531.6937898615479,131351.14957991542,27108.796393672237,127.50275641183906,13.183277671627977,4.625558916219777,617.9478564346148,63.84750427780614,22.39566818546477,531.7046839713439
2020-03-13,159428.5564880605,30275.50769513828,160.61364633616483,16.61060245022042,5.828125570595496,778.5506076672946,80.45810573457709,28.22379375582068,669.8687081768968,165366.09606235355,34014.94648243813,160.63351260998058,16.61060970184495,5.828125579117419,778.5813690445954,80.45811397965109,28.22379376458219,669.8994613003621
2020-03-14,195138.5982822768,35710.04179421629,202.26107964068083,20.928789103109494,7.343339319753149,980.8116873079754,101.38689483768658,35.56713307557383,843.857659394715,208150.64144145983,42784.545379106276,202.354054476565,20.92882692550387,7.343339470290031,980.9354235211604,101.38694090515496,35.56713323487222,843.9813493811332
2020-03-15,236667.65004282614,41529.05176054934,254.41609955039237,26.369242571394096,9.252455581737522,1235.2277868583678,127.75613740908068,44.81958865731135,1062.6520607919758,262152.87454911263,54002.233107652806,254.88964621632113,26.36939104069782,9.252457122376569,1235.8250697374815,127.75633194585278,44.81959035724879,1063.24914743438
2020-03-16,284468.95473127975,47801.304688453616,319.1827037363901,33.22334528530364,11.65782118192789,1554.410490594758,160.97948269438433,56.47740983923924,1336.9535980611342,330051.1615754785,67898.28702636587,321.049784422436,33.2238612051743,11.657831449264329,1556.8748541599175,160.9801931510271,56.47742180651312,1339.4172392023772
2020-03-17,338540.88429585734,54071.929564577586,398.60164925504165,41.85749174060597,14.68833420038138,1953.0121398497995,202.8369744349903,71.16574403962062,1679.0094213751886,415172.0866477387,85120.9250722602,404.35976898629093,41.85940478587125,14.688383089960631,1961.2346231462084,202.83959793689834,71.16580489647376,1687.2292203128363
2020-03-18,398933.1801121534,60392.29581629607,494.4912324843915,52.73038830856575,18.506324015390632,2447.503372334191,255.56736274355606,89.67206805501125,2102.263941535624,522148.3655781758,106976.27893043711,509.237921334592,52.73823738781182,18.5065087833312,2470.4725444808005,255.57783532471018,89.67231367980496,2125.2223954762853
2020-03-19,465613.616146581,66680.4360344276,608.3389008780281,66.41057419311977,23.316117633425115,3055.8422732122194,321.97793693667586,112.98818568843637,2620.8761505871075,656868.4126140015,134720.04703582573,641.2395108331986,66.44210966829039,23.31676543708098,3111.712055313999,322.01994499300054,112.98907911688593,2676.7030312041124
2020-03-20,537773.3789955253,72159.76284894429,741.2157117332526,83.59005938408325,29.374248654914787,3797.057984945472,405.5679963207591,142.36243434335117,3249.127554281362,825583.1417854466,168714.729171445,807.3392923007111,83.7032235180742,29.376708240660058,3919.05134761471,405.72316851107473,142.365787357546,3370.962391746089
2020-03-21,614760.0439565671,76986.66496104177,893.6729872267108,105.08863907424544,37.000394322644766,4690.730972172183,510.6566353950045,179.36282866599595,4000.7115081111824,1036385.7314767521,210802.58969130553,1016.2555790683127,105.44312792530239,37.01044231103275,4935.3069266830225,511.16629643637714,179.37622966857873,4244.764400578067
2020-03-22,695827.801917172,81067.75796060497,1065.619338648541,131.8440468314363,46.58652878069509,5756.350310820724,642.5006822264409,225.94935744669104,4887.900271147592,1300322.7621480457,263937.0306712936,1278.888257057792,132.82143024341025,46.62574806181961,6214.195183740814,643.9877266797873,226.00197773039832,5344.205479330628
2020-03-23,779345.1567173509,83517.3548001789,1256.1829637225628,164.8856649167053,58.60006994393329,7012.533274543287,807.3863471431462,284.5494273906243,5920.597500009517,1631005.9266340523,330683.1644860066,1608.8815606540097,167.29668513398147,58.73580970778349,7823.076744394824,811.2844118137688,284.73778743818184,6727.054545142873
2020-03-24,863913.9375879482,84568.78087059723,1463.5529791021647,205.29268452937848,73.57652148356247,8476.086253645452,1012.6790316725246,358.1259488741868,7105.28127309874,2041852.7764895144,410846.8498554621,2023.2303197690342,210.70241100011933,73.98653851485179,9846.307064163859,1021.9868228138881,358.7243259530336,8465.595915396938
2020-03-25,948187.6273987237,84273.68981077557,1684.840896759711,254.13980288230474,92.09937640767427,10160.927150405163,1266.8188345548294,450.22532528186105,8443.882990568472,2550560.9895684174,508708.21307890303,2542.971721081748,265.3417804921291,93.19059111908982,12389.278785245606,1287.3286033060172,451.91491707212344,10650.035264867465
2020-03-26,1030726.3868962368,82538.75949751306,1916.000851498557,312.43404430725155,114.76889833123894,12076.92800190372,1579.252878862081,564.9942236131,9932.68089942854,3181276.0914077964,630715.101839379,3194.1348493893015,334.10537165952985,117.36967643590373,15583.413634634908,1621.433974965547,569.2845935080272,13392.695066161334
2020-03-27,1112803.9258613144,82077.5389650776,2151.803544312251,381.04545526986726,142.1642851873569,14228.731546215971,1960.2983341319482,707.1585088004568,11561.274703283565,3960965.1607885244,779689.0693807281,4008.873214214676,420.617319313058,147.80728324818568,19592.286848849584,2042.051294278605,717.091876756213,16833.143677814765
2020-03-28,1197557.7434823269,84753.81762101245,2385.899386586443,460.6332031639905,174.80385147562941,16614.630932802414,2420.9315372959386,881.9623602760862,13311.73703523039,4912429.365987195,951464.2051986703,5026.486850391253,529.4157990268167,186.11428208513217,24618.77369924084,2571.4670933054217,903.2061588413451,21144.10044709407
2020-03-29,1284942.5684232626,87384.82494093571,2611.0664849476025,551.5680223926286,213.10571882930566,19225.697417750016,2972.4995596885674,1095.068079105392,15158.129778956056,6066926.803132499,1154497.437145304,6294.455970481997,666.174285448225,234.31031004858312,30913.229669722838,3237.6413787536467,1137.516468889928,26538.071822079262
2020-03-30,1374853.2376551984,89910.66923193587,2819.8446908651267,653.8525317605449,257.3490086509392,22045.542108615144,3626.3520914491123,1352.417087756331,17066.7729294097,7465607.229759298,1398680.4266267996,7869.848177556368,837.9710680009644,294.924494958655,38783.07784727921,4075.612446754611,1432.4409638485831,33275.024436676016
2020-03-31,1466892.8039783887,92039.56632319023,3005.8028229196984,767.0426127910321,307.6342955004695,25051.34493153484,4393.394704240144,1660.0513832568006,18997.898844037896,9136535.084130973,1670927.8543716744,9820.612606248325,1053.615036739111,371.119271632448,48603.69045352753,5129.227483493722,1803.5602354810312,41670.90273455278
2020-04-01,1561277.4745543206,94384.6705759319,3165.182079772825,890.1757211421072,363.84262833179446,28216.527011307666,5283.570425382251,2023.894011588595,20909.06257433682,11099621.773705073,1963086.6895741,12225.83025868859,1324.0340200851351,466.8409530584114,60829.52071221612,6453.261503578857,2270.4011885394425,52105.858020097825
2020-04-02,1658055.3135320367,96777.83897771616,3297.994148694026,1021.7164261612991,425.59433337424616,31514.521160001692,6305.28685154355,2449.4883449628414,22759.745963495297,13385360.732681384,2285738.9589763116,15175.187545382385,1662.7288260557473,587.0013409293442,76004.70825759851,8115.990329634604,2857.4025294687867,65031.31539849512
2020-04-03,1757158.7207096585,99103.40717762173,3407.848898471045,1159.5368024904292,492.21117919832807,34922.370058472734,7464.823654033979,2941.6995241611694,24515.846880277586,16005446.15088118,2620085.418199796,18767.913869077118,2086.29293014792,737.6949908849947,94772.62212667563,10202.283259782524,3595.0975203537814,80975.24134653933
2020-04-04,1858646.8708569224,101488.15014726389,3500.6514113441553,1300.9581818622496,562.6879446130429,38423.021469816886,8765.781835896229,3504.3874687742123,26152.852165146443,18931892.63517169,2926446.4842905086,23109.41841651962,2614.9906757592166,926.4543217592407,117882.04054319525,12817.27393554174,4521.551842113022,100543.21476554048
2020-04-05,1962593.980601297,103947.10974437464,3582.9249755900946,1442.8837291683167,635.6830025163279,42005.94644540698,10208.665565064544,4140.07047129054,27657.2104090519,22140781.21110256,3208888.575930871,28304.291056019254,3273.370790918436,1162.54065646373,146186.33159921452,16090.644726460176,5684.092498576752,124411.5943741776
2020-04-06,2069010.5841828194,106416.60358152236,3660.464336590777,1582.0375565075606,709.5435777445906,45666.41078199776,11790.703121572105,4849.614049035131,29026.09361139052,25583867.615323927,3443086.404221367,34446.31674091899,4090.868550887568,1457.2664564459344,180632.6483401335,20181.513277347745,7141.358955022687,153309.7761077631
2020-04-07,2177841.841597374,108831.25741455471,3737.616618187426,1715.2926273180226,782.3876831545715,49404.02740018519,13505.995748890127,5632.001732189702,30266.029919105356,29158958.867129795,3575091.251805868,41604.80890569421,5102.3213152373655,1824.338596871412,222237.4572458277,25283.83459258511,8965.6975518941,187987.92510134852
2020-04-08,2289027.972217549,111186.13062017504,3817.1441304960726,1840.029377826988,852.2622430948194,53221.17153068126,15346.025126717115,6484.263975284522,31390.882428679623,32780141.178446893,3621182.3113170974,49806.074968878,6348.282820872217,2280.197207904913,272043.5322147057,31632.117413457327,11245.894759799012,229165.52004144937
2020-04-09,2402765.4826172423,113737.51039969316,3900.4619562522585,1954.4422912021814,917.3747423981715,57121.63348693352,17300.467417919295,7401.638717682693,32419.52735133153,36353697.602162465,3573556.423715573,59012.34175840995,7874.968365406684,2844.3023142503625,331055.8739731157,39507.08577886401,14090.197074049374,277458.5911202023
2020-04-10,2519188.7336274413,116423.25101019908,3988.0200937098475,2057.718502827931,976.3562849821351,61109.65358064337,19358.185920747226,8377.995002664828,33373.47265723131,39763418.97960296,3409721.3774404973,69101.14535143587,9733.605111804041,3539.298872600874,400157.01932455157,49240.690890668055,17629.495946650248,333286.8324872332
2020-04-11,2638294.3899001004,119105.65627265908,4079.664815607791,2150.048936033497,1028.4802064106198,65189.31839625116,21508.234856780724,9406.475209075448,34274.608330394985,42938158.37539075,3174739.3957877904,79848.01761270169,11978.912445723476,4390.964463620172,480005.03693725326,61219.603336391534,22020.460410270418,396764.97319059126
2020-04-12,2759941.4199081347,121647.03000803431,4174.921584174536,2232.481147330009,1073.7602476385123,69364.2399804257,23740.716004110735,10480.235456713961,35143.288519601,45826197.74351232,2888039.3681215644,90918.6884811879,14666.41284378341,5427.805232486564,570923.7254184411,75886.01618017495,27448.265642756982,467589.44359550916
2020-04-13,2883869.847509727,123928.42760159215,4273.216745777763,2306.6631707324827,1112.8925537150792,73637.45672620347,26047.379174843216,11593.12801042904,35996.949540931215,48385456.7808979,2559259.037385583,101876.50202192584,17848.30246204552,6680.127193239508,672800.227440367,93734.31864222047,34128.39283599649,544937.5159621501
2020-04-14,3010237.96239861,126368.1148888832,4374.043705920986,2374.5459985874754,1147.0642764791608,78011.50043212445,28421.925173430693,12740.192286908201,36849.382971785555,50614335.899765596,2228879.1188676953,112207.11221759311,21567.72577908563,8178.392619977221,785007.3396579601,115302.04442130611,42306.78545597372,627398.5097806803
2020-04-15,3139388.385294889,129150.42289627902,4477.038361554263,2438.1075594321583,1177.6954720617928,82488.53879367872,30860.032732862852,13917.887758969993,37710.618301845876,52527881.44318324,1913545.5434176475,121360.78966724893,25851.52448234905,9950.687566016131,906368.1293252091,141153.56890365516,52257.47302198985,712957.0873995641
2020-04-16,3271291.7607945735,131903.37549968436,4581.938281981686,2499.140906540742,1206.1909510541107,87070.4770756604,33359.17363940359,15124.078710024103,38587.2247262327,54147291.92137973,1619410.4781964868,128808.2283540129,30701.87386997185,12019.194448309077,1035176.357679222,171855.442773627,64276.667470298926,799044.2474352961
2020-04-17,3405598.62881207,134306.86801749654,4688.478665601149,2559.1245907329617,1233.7579068615446,91758.95574126154,35918.298230136556,16357.836616885648,39482.82089423934,55505719.86121309,1358427.939833358,134100.33530695515,36087.648393315016,14395.70821340205,1169276.6929861773,207943.09116694203,78672.37568370097,882661.2261355342
2020-04-18,3542373.641414381,136775.0126023111,4796.34509770811,2619.172181812075,1261.3108517146673,96555.30083896965,38537.47041194863,17619.147468600317,40398.6829584207,56638208.38966736,1132488.528454274,136921.32322832447,41936.78578173765,17076.464320844672,1306198.0162145018,249879.87694867968,95748.84000454564,960569.2992612766
2020-04-19,3681844.691038804,139471.04962442303,4905.234921615362,2680.0442604981813,1289.4554447658043,101460.53576058501,41217.51467244681,18908.60291336612,41334.41817477209,57579536.5722247,941328.182557337,137125.46439599857,48131.219565170875,20036.84200435557,1443323.4806105003,298011.09651385056,115785.6820089012,1029526.7020877486
2020-04-20,3823976.145165537,142131.4541267329,5014.935941492946,2742.2000028438965,1318.5266623799696,106475.47170207796,43959.71467529071,20227.12957574609,42288.62745104117,58361627.56667626,782090.9944515601,134750.5438158384,54505.98466478308,23226.812842000276,1578074.0244263387,352517.0811786336,139012.49485090148,1086544.4483968038
2020-04-21,3968539.8827252868,144563.73755974974,5125.323163865603,2805.865576229979,1348.6542154191868,111600.79486594356,46765.58025152069,21575.78379116528,43259.4308232576,59008739.873628095,647112.3069518358,130006.36733883678,60853.764825577746,26568.225460708883,1708080.3917651754,413370.84600421134,165580.72031161038,1129128.8254493535
2020-04-22,4115529.113626801,146989.23090151418,5236.30477070121,2871.101623145969,1379.8332982316272,116837.09963664478,49636.681874666654,22955.617089396907,44244.800672581216,59543190.81288263,534450.9392545372,123242.31084148187,66935.42617745108,29955.03651514634,1831322.7026066573,480306.27218166244,195535.75682675673,1155480.673598238
2020-04-23,4265144.05750015,149614.9438733491,5347.796351952852,2937.85993687667,1411.9858461073093,122184.89598859764,52574.54181154333,24367.602935504216,45242.7512415501,59987455.72477014,444264.9118875116,114901.47519886465,72496.07052000196,33257.330111476855,1946224.177805522,552802.3427016644,228793.08693823358,1164628.748165624
2020-04-24,4417403.271543856,152259.21404370572,5459.720982108939,3006.0267700356926,1445.0041683692716,127644.61697070657,55580.56858157902,25812.607103873488,46251.44128525406,60357720.799504146,370265.07473400235,105469.94804138617,77285.05531149483,36329.39632658861,2051694.1258469082,630087.3980131593,265122.48326482216,1156484.2445689267
2020-04-25,4572135.882607355,154732.611063499,5571.991965268917,3075.4544243308646,1478.7754198499265,133216.6089359755,58656.02300590988,27291.382523723416,47269.2034063422,60665047.76140869,307326.96190454066,95428.86638712217,81077.53025955669,39021.347737256874,2147122.9922340303,711164.928272716,304143.83100207907,1131814.232959235
2020-04-26,4729042.420794278,156906.5381869236,5684.492889525922,3145.9836606422236,1513.191437648699,138901.10182550142,61802.00666655211,28804.573961372116,48294.5211975772,60921244.67274063,256196.91133194417,85215.56146867436,83694.57466203025,41192.92607830569,2232338.5537027046,794859.5029347462,345336.75708038476,1092142.2936875736
2020-04-27,4888280.3995414525,159237.97874717414,5797.096045944211,3217.458789908347,1548.1515489630706,144698.19787144562,65019.46545646046,30352.725510335185,49326.00690464998,61136038.49899928,214793.8262586519,75197.59723305161,85019.12203167996,42727.52371855376,2307536.150935756,879878.6249664262,388064.28079893853,1039593.2451703912
2020-04-28,5050110.517232323,161830.11769087054,5909.698390156653,3289.736643655932,1583.5643574271744,150607.89626160226,68309.2021001164,31936.28986776236,50362.404293723506,61316186.913506664,180148.41450738162,65660.00654407445,85005.51271723805,43544.216703938335,2373196.1574798306,964884.1376836642,431608.49750287685,976703.5222932894
2020-04-29,5214482.094167113,164371.57693479024,6022.211055391404,3362.6904123917493,1619.3501959288947,156630.10731699367,71671.89251250814,33555.64006369125,51402.574740794276,61466937.50125281,150750.58774614334,56803.52851110761,83681.56221788572,43605.871133766814,2429999.685990938,1048565.69990155,475214.3686366437,906219.6174527442
2020-04-30,5381029.792836205,166547.6986690918,6134.501698818342,3436.209476404668,1655.4428562895291,162764.60901581202,75108.10198891281,35211.08291998078,52445.424106918435,61593847.43917133,126909.93791852146,48751.00166797064,81143.23012259744,42922.08956996461,2478750.687658909,1129708.9300241475,518136.4582066083,830905.299428153
2020-05-01,5549348.887961356,168319.09512515087,6246.376185863149,3510.1967008361025,1691.7891242396654,169010.98520167518,78618.29868974892,36902.87204422044,53489.81446770582,61701025.0067507,107177.56757937372,41559.00883319853,77543.06790072873,41546.72062135844,2520309.696492107,1207251.9979248762,559683.1788279668,753374.5197392642
2020-05-02,5719904.88550155,170555.9975401936,6357.643408383334,3584.564830057472,1728.3460815909657,175368.6286100585,82202.86351980639,38631.21812581141,54534.54696444072,61791401.72121081,90376.7144601047,35231.90452894155,73074.40715604303,39570.60969292713,2555541.6010210486,1280326.4050809192,599253.7885208939,675961.4074192356
2020-05-03,5892996.719436334,173091.83393478487,6468.179924914672,3659.2330931209945,1765.0771977398665,181836.80853497318,85862.09661292739,40396.295323551276,55578.41659849452,61867572.746556096,76171.02534528822,29735.936929341817,67953.60850659359,37110.999883501616,2585277.5379503905,1348280.0135875128,636364.7884043956,600632.7359584821
2020-05-04,6068411.391766296,175414.67232996132,6577.890297817159,3734.124141733654,1801.9485630520185,188414.69883279034,89596.22075466104,42198.2438866033,56620.234191526,61932068.89220278,64496.14564668387,25012.082755748957,62402.61977586166,34299.36968267463,2610289.6207061396,1410682.6333633745,670664.1580870702,528942.8292556949
2020-05-05,6245432.708691683,177021.3169253869,6686.608372586047,3809.160999862007,1838.9264068827015,195101.3072053764,93405.38175452306,44037.170293486,57658.75515736733,61986789.14673502,54720.25453224033,20986.83751606505,56633.67978464767,31269.490526154917,2631276.458222205,1467316.3131480222,701933.6486132251,462026.49646095757
2020-05-06,6423867.198634429,178434.48994274624,6794.095824088298,3884.2642891603837,1875.9761151262965,201895.40302946468,97289.64604368345,45913.146408612294,58692.61057716894,62033140.7597904,46351.6130553782,17580.60144489695,50837.392332735675,28147.16046890345,2648857.0596671016,1518153.7054807579,730080.8090821286,400622.54510421515
2020-05-07,6604470.795202795,180603.5965683665,6900.160636492272,3959.3506211843032,1913.0617437824612,208795.56366595696,101248.99666486775,47826.208152394756,59720.35884869445,62072362.91143337,39222.15164297074,14713.714114244493,45174.732443455505,25042.54367535621,2663570.773781346,1563328.4379242135,755123.3527574848,345118.9830996479
2020-05-08,6787361.289537327,182890.49433453195,7004.724241323997,4034.332494726468,1950.1449277790725,215800.28790728096,105283.32915959421,49776.35308017383,60740.605667512915,62105676.34147657,33313.43004319817,12310.488141295431,39772.95525733047,22045.470737546722,2675881.2619226417,1603101.393181544,777168.8234950315,295611.0452460662
2020-05-09,6971965.658967322,184604.36942999437,7107.717845963142,4109.1187939089195,1987.1835495972573,222908.0057532441,109392.44795350313,51763.536629771086,61752.021169969885,62134015.905592956,28339.56411638856,10301.643186480345,34724.93380612666,19223.560895830677,2686182.905109122,1637826.3269876707,796392.3843908621,251964.19373058912
2020-05-10,7157486.8323093755,185521.17334205378,7208.948362758021,4183.614821988111,2024.1316717964485,230116.95411600213,113576.06277549124,53787.66830156754,62753.22303894335,62158111.503581055,24095.59798809886,8625.495653286696,30091.18414193533,16622.68664778849,2694808.4007624085,1667917.511129606,813015.0710386506,213875.81859415188
2020-05-11,7344603.841611073,187117.00930169784,7308.140026146079,4257.722127961929,2060.9411245621523,237425.0941421482,117833.78490345317,55848.60942612969,63742.699812565355,62178538.39020552,20426.886624462903,7228.254375029785,25903.735199702478,14269.13005444664,2702036.6551374383,1693821.2463293085,827284.2010930972,180931.20771503262
2020-05-12,7533576.230417262,188972.38880618848,7405.092255992417,4331.339279933023,2097.5630180876133,244830.18639814062,122165.12418338619,57946.1724442173,64718.889770537135,62195907.621459715,17369.231254197657,6063.754318483556,22171.032527274132,12172.755415817675,2708100.409455922,1715992.2788565827,839456.9565089149,152651.17409042432
2020-05-13,7724040.267983682,190464.03756642062,7499.712060116559,4404.363674127622,2133.9475251681715,252329.89845825717,126569.48785751381,60080.11996938547,65680.29063135789,62210702.11275994,14794.491300225258,5092.8716715592755,18883.18540842142,10330.601646856083,2713193.2811274813,1734875.464265004,849787.558155771,128530.25870670623
2020-05-14,7915294.521431748,191254.25344806537,7591.884339624043,4476.692823161511,2170.0428886176132,259921.78279788123,131046.18068067533,62250.16285800309,66625.4392592028,62223310.54732762,12608.434567682445,4282.767074740776,16017.032011524601,8730.432196306936,2717476.048202222,1750892.4962765286,858517.9903520779,108065.56157361576
2020-05-15,8107691.469415176,192396.9479834279,7681.400794445882,4548.223854713809,2205.796022851781,267603.1835923271,135594.40453538913,64455.95888085487,67552.82017608311,62234034.088268116,10723.540940493345,3606.0606137361883,13540.67085083954,7353.931053460599,2721082.1088159583,1764433.167127368,865871.9214055385,90777.02028305177
2020-05-16,8301425.86560842,193734.3961932445,7768.04200919034,4618.852001695293,2241.154792855973,275371.2256015175,140213.2565370844,66697.11367371085,68460.85539072222,62243137.50937983,9103.42111171037,3040.0273399534135,11417.264162339801,6179.3729272086985,2724122.1361559117,1775850.4312897078,872051.2943327471,76220.41053345683
2020-05-17,8496258.88906786,194833.0234594401,7851.653436714,4688.469899798803,2276.06910712561,283222.8790382315,144901.7264368832,68973.18278083646,69347.96982051183,62250893.28863765,7755.779257826507,2565.8672682647853,9608.04594368675,5183.708158440536,2726688.0034241765,1785458.4772333945,877235.0024911877,63994.52369959431
2020-05-18,8691642.180341955,195383.29127409495,7932.104915000465,4756.968235995208,2310.488963508781,291154.98395323195,149658.69467287842,71283.67174434524,70212.61753600829,62257509.440476686,6616.151839032769,2168.0618089094914,8074.559411031345,4344.082261259791,2728856.065233086,1793533.036644426,881579.0847524474,53743.94383621239
2020-05-19,8887663.619751563,196021.43940960802,8009.239536322349,4824.236687264238,2344.361575214938,299164.2234895543,154482.93136014265,73628.03331956017,71053.25880985148,62263154.10297883,5644.662502147257,1833.8102672236432,6780.206873111879,3638.8579772432095,2730689.8755003093,1800313.2435175378,885217.9427296907,45158.68925308075
2020-05-20,9084560.633886172,196897.0141346082,8082.9037352399555,4890.164225843056,2377.6310264634812,307247.12722479424,159373.09558598572,76005.66434602365,71868.36729278487,62267955.60755378,4801.504574947059,1552.5456386218361,5691.224904349974,3048.230526921892,2732242.421138931,1806004.4684218878,888266.1732566126,37971.77946043061
2020-05-21,9282215.952367276,197655.31848110445,8152.983451862536,4954.639052400611,2410.240590373034,315400.11067665677,164327.73463838632,78415.90493639669,72656.47110187376,62272031.49698329,4075.8894295096397,1315.5332369943035,4777.206292188419,2554.531320077137,2733557.9543759255,1810781.6747140763,890820.7045766897,31955.57508515939
2020-05-22,9480177.234896634,197961.28252935782,8219.369140459665,5017.548833221163,2442.1346465346987,323619.47981711646,169345.2834716075,80858.0395829314,73416.15676257758,62275506.853896834,3475.3569135442376,1115.5453231043687,4011.2844688657633,2142.3080485161854,2734673.49969903,1814792.959182942,892963.0126252059,26917.527890882106
2020-05-23,9678037.671320587,197860.43642395362,8281.916799189054,5078.781410539123,2473.2583324201123,331901.3966163055,174424.0648821466,83331.2979153515,74146.03381880741,62278474.94493009,2968.091033257544,946.5944074615443,3370.0818749413884,1798.2554020217908,2735620.0941064917,1818163.0410578835,894761.2680272277,22695.785021380405
2020-05-24,9876213.145079793,198175.473759206,8340.483831784222,5138.225792754831,2503.556317297025,340241.88044808974,179562.29067490142,85834.85423264853,74844.73554053978,62281009.74276338,2534.797833286226,803.7097810707605,2833.5055510772554,1511.0550389237737,2736423.8038875624,1820996.5466089607,896272.3230661515,19154.93421245017
2020-05-25,10074883.213267563,198670.0681877695,8394.982395856736,5195.773264988231,2532.9727316205135,348636.8628439465,184758.06393988966,88367.82696426904,75510.97193978779,62283165.932145715,2156.1893823370337,682.7518757181579,2384.4545849976944,1271.1685517206147,2737106.5557632805,1823381.0011939583,897543.491617872,16182.06295145012
2020-05-26,10273773.901483271,198890.68821570836,8445.347496949793,5251.318378031303,2561.452294214975,357082.2103408963,190009.38231792097,90929.27925848402,76143.54876449128,62284995.137566395,1829.205420680344,580.2638845367287,2008.4869657201791,1070.614102116949,2737686.8196478174,1825389.4881596784,898614.1057199889,13683.225768150063
2020-05-27,10472163.435108542,198389.53362527117,8491.456508846852,5304.759464268112,2588.941476210998,365573.6668497431,195314.14178218908,93518.22073469502,76741.30433285901,62286555.6112209,1560.4736545085907,493.3552267085381,1693.4789106117323,902.7466247652508,2738180.174874526,1827082.9670702901,899516.8523447542,11580.35545948171
2020-05-28,10669775.089621574,197611.65451303124,8533.140199348076,5355.998682630459,2615.38917369824,374106.8070490912,200670.14046481953,96133.60990839325,77303.05667587843,62287889.07330057,1333.462079666555,419.60670868594866,1429.2980819305048,762.0533079660761,2738599.781583212,1828512.2651522206,900278.9056527202,9808.610778270988
2020-05-29,10867351.661497572,197576.57187599875,8570.295323049511,5404.942060774481,2640.746971107793,382677.10237214074,206075.082525594,98774.35687950104,77827.66296704569,62289028.14652477,1139.0732242017984,356.98953679173746,1207.5032051345124,643.9703754576053,2738956.7711200034,1829719.7683573551,900922.8760281779,8314.126734470367
2020-05-30,11065063.777652541,197712.11615496874,8602.935793972021,5451.499741906063,2664.9689228264237,391280.03816611273,211526.58226750008,101439.32580232745,78314.1300962852,62289996.45781906,968.3112942874432,303.79676975022085,1021.0761944131518,544.7234532487366,2739260.5678897537,1830740.8445517684,901467.5994814266,7052.123856558697
2020-05-31,11262376.759409286,197312.9817567449,8631.079307237827,5495.5859376393655,2688.010976211549,399911.11747335055,217022.16820513946,104127.336778539,78761.61248967209,62290818.97044316,822.5126240998507,258.5886104475122,864.1885878854611,461.19133756768497,2739519.156500201,1831605.0331396537,901928.7908189943,5985.332541553187
2020-06-01,11458246.355862701,195869.59645341523,8654.615616818275,5537.1182264474355,2709.8307329973404,408565.7330901688,222559.2864315869,106837.16751153635,79169.27914704556,62291520.88741326,701.9169701039791,220.14990649298926,732.0013862190292,390.791419468998,2739739.306406694,1832337.0345258727,902319.5822384633,5082.689642357989
2020-06-02,11653148.403953277,194902.04809057526,8673.364741335783,5576.016965492121,2730.3878276840733,417239.0978315046,228135.30339707903,109567.55533922042,79536.23909520515,62292120.543971926,599.656558662653,187.45530972371233,620.4957850173856,331.38426548052496,2739926.7617164175,1832957.5303108902,902650.9665039439,4318.264901583432
2020-06-03,11847668.615949366,194520.21199608967,8687.26263302128,5612.205993689608,2749.644022531108,425926.3604645259,233747.50939076862,112317.19936175153,79861.65171200573,62292632.35156028,511.8075883537531,159.63870357769707,526.3314487606258,281.1947332455318,2740086.400419995,1833483.8617596508,902932.1612371894,3670.377423155005
2020-06-04,12041586.868240574,193918.25229120813,8696.403363628013,5645.614392485704,2767.5623233803667,434622.7638281539,239393.12378325433,115084.76168513189,80144.87835976768,62293067.20562587,434.85406558960676,135.966716887786,446.72868522808153,238.74717757269082,2740222.367136883,1833930.590444879,903170.9084147621,3120.868277242058
2020-06-05,12234015.253735386,192428.38549481146,8700.8674128402,5676.177495545378,2784.1062900100665,443323.6312409941,245069.3012787997,117868.86797514195,80385.46198705242,62293437.411145985,370.20552011579275,115.81726308686494,379.3709789368787,202.8124901954488,2740338.18439997,1834309.9614238157,903373.7209049576,2654.5020711965626
2020-06-06,12424975.666515384,190960.41277999803,8700.593745338618,5703.83603913441,2799.2412955518557,452024.2249863327,250773.13731793413,120668.1092706938,80582.97839770476,62293753.34294536,315.9317993745208,98.66259035634403,322.3246554049473,172.3648776747699,2740436.8469903264,1834632.2860792207,903546.0857826323,2258.4751284733647
2020-06-07,12614952.609368952,189976.94285356812,8695.472064259522,5728.53476045651,2812.937032578035,460719.6970505922,256501.67207839063,123481.04630327184,80736.97866892975,62294023.109114856,269.7661694958806,84.0551483794875,273.97282720493376,146.54652603753635,2740520.902138706,1834906.2589064257,903692.6323086699,1922.0109236103017
2020-06-08,12803830.024714688,188877.41534573585,8685.488130445065,5750.222615620758,2825.1681940132607,469405.1851810373,262251.89469401137,126306.2144972851,80847.07598974083,62294253.15880945,230.0496945977211,71.61514033105571,232.96114569799266,124.63865384535916,2740592.517279037,1835139.2200521238,903817.2709625153,1636.0262643977767
2020-06-09,12991062.25531188,187232.23059719242,8670.711563171615,5768.854741847666,2835.912038018012,478075.8967442089,268020.74943585903,129142.1265353031,80913.02077304674,62294448.63473709,195.47592763602734,61.01979543677611,198.1532406621975,106.03780041197524,2740653.5370744737,1835337.373292786,903923.3087629272,1392.855018760427
2020-06-10,13176556.39126551,185494.1359536294,8651.197725081121,5784.394040484595,2845.145817042253,486727.09446929,273805.14347634366,131987.27235234535,80934.67864060099,62294615.19867352,166.5639364272356,51.99459089740858,168.5940763133201,90.23642039784859,2740705.5316653713,1835505.9673690994,904013.5451833251,1186.0191129468149
2020-06-11,13360617.434642237,184061.04337672703,8626.977281958358,5796.810766578908,2852.8477598325126,495354.0717512483,279601.95424292254,134840.12011217786,80911.99739614793,62294757.35208979,142.1534162759781,44.30610323162521,143.4797706357472,76.80697630271368,2740749.837768603,1835649.447139735,904090.3521596278,1010.0384692401858
2020-06-12,13543202.823965007,182585.38932277076,8598.112905493203,5806.080864006404,2859.000792476495,503952.1846567415,285408.03510692896,137699.12090465435,80845.02864515819,62294878.73213482,121.38004502654076,37.755897840017234,122.1326949613949,65.38883073896896,2740787.593666443,1835771.5798346966,904155.7409903668,860.2728413797449
2020-06-13,13723971.910453465,180769.0864884574,8564.701039120682,5812.184876944621,2863.5944255654254,512516.8856958622,291220.2199838736,140562.71533021977,80733.95038176881,62294982.22991092,103.49777609854937,32.17515932548505,103.98088858748014,55.67738634866066,2740819.7688257685,1835875.560723284,904211.4183767155,732.789725768962
2020-06-14,13902583.38958599,178611.47913252562,8526.828724706047,5815.10823407831,2866.62250324744,521043.7144205682,297035.32821795193,143429.3378334672,80579.04836914907,62295070.12932211,87.89941119402647,27.420128307245946,88.54100062668093,47.41506546071156,2740847.188954076,1835964.1017239108,904258.8334421762,624.2537879887968
2020-06-15,14079360.289838111,176776.90025212057,8484.577308205076,5814.842391664102,2868.0796564323614,529528.2917287733,302850.17060961603,146297.41748989956,80380.70362925768,62295144.99865062,74.86932850629091,23.368372478374994,75.4041195902011,40.38381592175452,2740870.5573265543,1836039.505843501,904299.217258098,531.8342249552952
2020-06-16,14254456.976713635,175096.686875524,8438.062818035272,5811.3861006038715,2867.960439488261,537966.3545468085,308661.5567102199,149165.37792938782,80139.41990720082,62295208.92306533,63.924414709210396,19.915697501936357,64.22397385486798,34.398876691076936,2740890.4730240563,1836103.729817356,904333.6161347891,453.12707191123627
2020-06-17,14427704.502288876,173247.52557524107,8387.425364227414,5804.746413849805,2866.2614809105503,546353.7799110359,314466.3031240697,152031.63941029838,79855.83737666783,62295263.55195137,54.62888604402542,16.97345112908849,54.70708406521919,29.303572688313018,2740907.4464751855,1836158.4369014213,904362.9197074774,386.08986628672574
2020-06-18,14598613.872309452,170909.37002057582,8332.771561792775,5794.939238367395,2862.983982154954,554686.5514728287,320261.2423624371,154894.62339245333,79530.68571793832,62295310.162629314,46.61067794263363,14.466133041639832,46.6045259487244,24.964952479340674,2740921.912608227,1836205.04142737,904387.8846599568,328.98652090050746
2020-06-19,14766966.8430971,168352.9707876481,8274.17220725835,5781.9894003966765,2858.1347209619844,562960.7236800871,326043.2317628338,157752.7581134153,79164.73380383805,62295349.7058224,39.54319308698177,12.329375823357541,39.70502503786436,21.270125243298146,2740934.2419840507,1836244.7464524077,904409.1547852001,280.34074644290376
2020-06-20,14933343.47269256,166376.62959546037,8211.73633308234,5765.930445567756,2851.7258661468304,571172.4600131694,331809.16220840154,160604.48397956212,78758.81382520578,62295383.348006286,33.642183884978294,10.508317649171474,33.82915686662632,18.123182225499235,2740944.7503017,1836278.5756092742,904427.2779674256,238.89672500023153
2020-06-21,15097952.634853842,164609.16216128133,8145.650150482783,5746.804319365225,2843.774454493061,579318.1101636522,337555.9665277668,163448.2584340552,78313.88520183024,62295412.084095076,28.736088789999485,8.956260102592463,28.82446793562919,15.442605021482155,2740953.706561803,1836307.4000772098,904442.7205724472,203.58591214590706
2020-06-22,15260492.673750548,162540.03889670596,8076.099971873746,5724.660682060514,2834.3018374686408,587394.210135526,343280.6272098273,166282.56027152383,77831.02265417489,62295436.66075572,24.57666064798832,7.63347532312047,24.56136504952692,13.1590784621605,2740961.340037126,1836331.9614422594,904455.8796509093,173.49894395738374
2020-06-23,15420190.054738812,159697.38098826446,8003.177339269052,5699.555671491308,2823.333244990879,595397.3874747951,348980.1828813186,169105.8935165147,77311.31107696178,62295457.63760187,20.976846143603325,6.506120648321576,20.92964634251359,11.213642390246491,2740967.8461577743,1836352.891088602,904467.0932932995,147.86177587287966
2020-06-24,15577140.814728776,156950.75998996384,7926.9220913144545,5671.550638326795,2810.8975351648114,603324.3095661096,354651.7335196454,171916.79105167952,76755.78499478463,62295475.42194539,17.784343525767326,5.545316241649542,17.835569250140875,9.556129734440741,2740973.391474016,1836370.726657852,904476.649423034,126.01539312989917
2020-06-25,15732087.946178632,154947.13144985586,7847.466994178605,5640.711671090583,2797.02671236579,611171.7765602882,360292.445190736,174713.81776404532,76165.51360550686,62295490.560558826,15.138613432645798,4.726418907808519,15.199369581675203,8.143845719501009,2740978.1178929238,1836385.9260274337,904484.7932687536,107.39859673648607
2020-06-26,15885096.694817776,153008.748639144,7765.077765723629,5607.1098049117045,2781.754856483539,618936.8543260117,365899.5549956477,177495.57262052887,75541.72670983517,62295503.49172856,12.931169733405113,4.028439873957357,12.953160920025468,6.940448345963318,2740982.1463327976,1836398.8791883537,904491.7337170995,91.5334273444023
2020-06-27,16035592.097485486,150495.40266771056,7680.007829589208,5570.82075741492,2765.117179325403,626616.8621556009,371470.3757530626,180260.68979985427,74885.79660268404,62295514.54403742,11.052308857440948,3.433525646821412,11.039154780741587,5.914997240019586,2740985.5798584446,1836409.9183431345,904497.6487143396,78.01280097058043
2020-06-28,16183035.189775463,147443.09228997678,7592.362896076393,5531.923582061624,2747.1503407087257,634209.2250516773,377002.2993351242,183007.840140563,74199.08557599012,62295523.96465906,9.420621640980244,2.9264737972898898,9.408150802925608,5.041145665126258,2740988.506332242,1836419.3264939373,904502.6898600047,66.48997829994187
2020-06-29,16328155.614687659,145120.42491219565,7502.168751802759,5490.499377858976,2727.8936154229195,641711.3938034801,382492.7987129832,185735.73375598592,73482.86133451096,62295531.96174311,7.997084051370621,2.4943141698975375,8.018254357875087,4.29645546764079,2740991.000646412,1836427.3447482951,904506.9863154723,56.66958264447749
2020-06-30,16471110.107049277,142954.4923616182,7409.537701402649,5446.631674950856,2707.388927552954,649120.9315048828,387939.4303879341,188443.12268353888,72738.37843340979,62295538.781874314,6.820131205022335,2.125977254660743,6.833786578365767,3.6618163170263953,2740993.1266236664,1836434.1785348735,904510.6481317893,48.29995700356085
2020-07-01,16611604.115460627,140494.00841134973,7314.692480104005,5400.408241195156,2685.679000945785,656435.6239849868,393339.8386291292,191128.80168448467,71966.9836713729,62295544.60465145,5.822777137160301,1.812028962505912,5.824358062214488,3.120951694861242,2740994.938652629,1836440.0028929356,904513.7690834842,41.16667620919179
2020-07-02,16749266.32729392,137662.21183329262,7217.84105048989,5351.922095139044,2662.805851850321,663653.4650354767,398691.7607242683,193791.60753633498,71170.09677487347,62295549.57521157,4.970560118556023,1.544437677288567,4.964081908694374,2.6599971698252194,2740996.483090306,1836444.9669748445,904516.429080654,35.08703480765689
2020-07-03,16884487.141541522,135220.8142476026,7119.112837608203,5301.270185139414,2638.812172485177,670772.5778730849,403993.0309094077,196430.41970882015,70349.12725485707,62295553.806090444,4.230878874659538,1.3163619677529885,4.230904919206625,2.267140657354092,2740997.799452274,1836449.1978797636,904518.6962213115,29.905351199093275
2020-07-04,17017382.837582935,132895.69604141265,7018.623509644961,5248.550765581509,2613.744505545451,677791.2013827299,409241.5816749892,199044.1642143656,69505.45549337514,62295557.40585873,3.599768288433552,1.1219680839713697,3.6060386957320056,1.9323169731581848,2740998.921420358,1836452.8039184592,904520.6285382846,25.488963614334352
2020-07-05,17147816.752290916,130433.91470798105,6916.531344996918,5193.861717511805,2587.6541514217797,684707.7327277268,414435.443392501,201631.81836578736,68640.47096943847,62295560.47642544,3.0705667063593864,0.9562812711930024,3.0734753278660087,1.6469492381776574,2740999.8777016294,1836455.877393787,904522.2754875227,21.724820319679566
2020-07-06,17275525.596338924,127708.84404800832,6813.010119477504,5137.300664000448,2560.5940037630467,691520.7428472043,419572.7440565014,204192.4123695504,67755.58642115249,62295563.09712415,2.6206987127661705,0.8150622542255727,2.6195750283374895,1.4037293240364779,2741000.6927638836,1836458.4969688153,904523.6792168467,18.51657822157722
2020-07-07,17400720.778865602,125195.18252667785,6708.219104348431,5078.965859601153,2532.6144503916557,698228.9619515528,424651.7099161026,206725.02681994205,66852.22521550814,62295565.33320751,2.23608335852623,0.6946992076319136,2.232715121558014,1.196430382108808,2741001.3874630914,1836460.7296839368,904524.8756472288,15.782131925807334
2020-07-08,17523586.29802915,122865.51916354895,6602.321575989352,5018.956654927791,2503.7625742757273,704831.2835275421,429670.6665710304,209228.78939421778,65931.82756229397,62295567.2359618,1.9027542918920517,0.5921131070295792,1.9029912911141476,1.0197464332359458,2741001.9795761984,1836462.632675228,904525.895393662,13.451507308403961
2020-07-09,17644097.896613974,120511.59858482331,6495.496350848364,4957.373379655632,2474.084805516599,711326.7798783905,434628.03995068604,211702.87419973436,64995.865727970086,62295568.854468144,1.6185063421726227,0.5046781204297237,1.6219632445815035,0.8691555726535152,2741002.4842543188,1836464.2546384726,904526.7645492346,11.465066611533985
2020-07-10,17762030.585403424,117932.68878944963,6387.907050380793,4894.31712369298,2443.629506098751,717714.6869287713,439522.35707437905,214146.5037058331,64045.826148559165,62295570.23518071,1.3807125687599182,0.430155824834774,1.3824381151522407,0.7408038080525168,2741002.9144101436,1836465.6370765876,904527.5053530427,9.771980513236485
2020-07-11,17877251.2823143,115220.69691087678,6279.683520538667,4829.889737661473,2412.447059693628,723994.3704493099,444352.2468120405,216558.95076552674,63083.17287174269,62295571.414392985,1.1792122721672058,0.36663916374552585,1.178285958365824,0.6314064481311648,2741003.2810493074,1836466.8153625461,904528.1367594908,8.32892727048602
2020-07-12,17990124.722079694,112873.43976539373,6170.953494454137,4764.1940644893675,2380.588442847366,730165.3239437641,449116.4408765299,218939.5392083741,62109.343858860084,62295572.4214199,1.007026918232441,0.3125031086628185,1.0042825671173217,0.5381641253818554,2741003.593552416,1836467.8196451133,904528.6749236162,7.098983686650172
2020-07-13,18100840.91841439,110716.1963346973,6061.873559502288,4697.334236811234,2348.1043701412536,736227.1975032664,453813.7751133411,221287.64357851536,61125.778811409924,62295573.27859784,0.8571779355406761,0.2663619426639937,0.8559755428098466,0.4586911065894106,2741003.8599143587,1836468.6756206562,904529.1336147229,6.050678979605436
2020-07-14,18209310.45726407,108469.53884967789,5952.599038845688,4629.4157164368,2315.0455861120836,742179.7965421121,458443.1908297779,223602.68916462743,60133.91654770679,62295574.00554639,0.7269485518336296,0.2270338888629354,0.7295701744085701,0.3909541154546884,2741004.0869482476,1836469.4051908306,904529.5245688383,5.157188578741625
2020-07-15,18315168.55031968,105858.09305560961,5843.230757212423,4560.544787187783,2281.4635449453663,748023.0272993245,463003.7356169657,225884.1527095728,59135.13897278602,62295574.62554404,0.619997650384903,0.19351205881550976,0.6218322041162633,0.33322020060325735,2741004.2804603064,1836470.0270230346,904529.8577890389,4.395648232894018
2020-07-16,18418411.32066249,103242.77034281194,5733.830047380299,4490.827621934675,2247.4107762108215,753756.8573467048,467494.5632389004,228131.56348578364,58130.73062202078,62295575.15572392,0.5301798805594444,0.1649393893318329,0.5300049917737738,0.28401232919554975,2741004.445399696,1836470.5570280263,904530.1418013681,3.7465703015914187
2020-07-17,18519483.91986545,101072.59920296073,5624.49813038819,4420.369386573482,2212.9406599689796,759381.355477093,471914.9326254739,230344.5041457526,57121.91870586653,62295575.60929489,0.45357096940279007,0.14058596886406743,0.45173894432386474,0.24207154871034908,2741004.5859856647,1836471.0087669706,904530.3838729168,3.1933457773411646
2020-07-18,18618462.326998018,98978.40713256598,5515.40982827275,4349.273566067962,2178.106574218621,764896.7653053658,476264.20619154186,232522.61071997124,56109.94839385268,62295575.9956112,0.38631630688905716,0.11982907110220227,0.3850313849363033,0.20632475310482762,2741004.705814736,1836471.3937983555,904530.5901976699,2.7218187105609104
2020-07-19,18715125.74409981,96663.41710179299,5406.740793723986,4277.641163794982,2142.9608118925644,770303.5060990897,480541.8473553368,234665.5715318638,55096.08721188913,62295576.322492905,0.3268817067146301,0.10213698248650899,0.3281753155213766,0.17585723936646377,2741004.8079517186,1836471.721973671,904530.7660549093,2.319923138129525
2020-07-20,18809325.648446552,94199.90434674174,5298.580145697855,4205.569571009659,2107.5539786880563,775602.0862447876,484747.4169263465,236773.12551055185,54081.54380788922,62295576.60128378,0.2787908762693405,0.08705637481979331,0.27971576544274246,0.1498893350009355,2741004.895008093,1836472.0016894366,904530.9159442444,1.977374412235804
2020-07-21,18901383.45672132,92057.8082747683,5190.944938075016,4133.1517287397855,2071.934997679753,780793.0311828626,488880.5686550863,238845.0605082316,53067.40201954471,62295576.83969335,0.23840957134962082,0.0742016214076897,0.2384126065625531,0.12775647069631135,2741004.969209715,1836472.2401020431,904531.0437007151,1.6854069565888494
2020-07-22,18991385.38070318,90001.92398186028,5083.864403946881,4060.4764746680767,2036.150937631461,785876.8955868095,492941.04512975435,240881.21144586307,52054.63901119208,62295577.04352644,0.20383308827877045,0.06324473446590165,0.2032088635823046,0.10889218751447319,2741005.032454449,1836472.4433109066,904531.1525929025,1.4365506400354207
2020-07-23,19079243.108787905,87857.7280847244,4977.416348328667,3987.6299383802125,2000.2461954146547,790854.3119351382,496928.67506813456,242881.45764127772,51044.17922572591,62295577.21684614,0.17331969738006592,0.05390605407999356,0.17320368675306802,0.092813665542842,2741005.0863605035,1836472.6165145934,904531.245406568,1.2244393420405686
2020-07-24,19164821.469975937,85578.36118803173,4871.693878227604,3914.6965952985847,1964.2619906254927,795726.0058133658,500843.37166343315,244845.71963190322,50036.91451802943,62295577.36409157,0.14724542945623398,0.04594662498512633,0.1476292923421085,0.07910940831049554,2741005.1323071285,1836472.7641438858,904531.3245159764,1.0436472663423046
2020-07-25,19248326.497667104,83505.02769116685,4766.780337004006,3841.7587356284403,1928.2374673405252,800492.7861503698,504685.1303990616,246773.95709924374,49033.69865206446,62295577.4897638,0.12567222863435745,0.03916243142722752,0.12583129896982947,0.06742873999716073,2741005.17146956,1836472.8899751848,904531.3919447163,0.8895496587501839
2020-07-26,19329890.67405329,81564.17638618499,4662.762530201154,3768.894596551558,1892.2118567482778,805155.5486805709,508454.02499561314,248666.168955992,48035.35472896576,62295577.59709592,0.10733212530612946,0.03337970968534711,0.10725197610500098,0.05747281942402486,2741005.2048492697,1836472.997227161,904531.4494175358,0.7582045729504898
2020-07-27,19409506.5515966,79615.87754331157,4559.735715596216,3696.1765779371735,1856.225336125707,809715.2843961671,512150.2015735503,250522.3942921177,47042.688530499145,62295577.688648455,0.09155253320932388,0.028450619503313103,0.09141597815822938,0.04898695159755036,2741005.233299889,1836473.0886431392,904531.4984044874,0.6462522625224665
2020-07-28,19487032.149646617,77525.59805001691,4457.7801454497385,3623.6707275874337,1820.3171606658975,814173.064541617,515773.8723011377,252342.7114527836,46056.48078769562,62295577.76648644,0.0778379887342453,0.02424924419248261,0.07791818611517846,0.041754040223227026,2741005.257549133,1836473.1665613253,904531.5401585276,0.5508292802842334
2020-07-29,19562457.181626767,75425.03198014945,4356.9508889500685,3551.4376453250807,1784.5225498282516,818530.015430567,519325.3099464628,254127.23400261186,45077.471481492306,62295577.83283881,0.06635236740112305,0.02066820629375981,0.06641333443499589,0.03558903870914845,2741005.2782173394,1836473.2329746597,904531.5757475663,0.4694951134733856
2020-07-30,19636047.72862638,73590.54699961469,4257.301651493138,3479.534214473341,1748.871163461035,822787.3170820602,522804.84416093613,255876.1051660729,44106.36775505112,62295577.88944525,0.056606441736221313,0.01761593895109951,0.05660715952934085,0.030334241941364033,2741005.2958332784,1836473.2895818192,904531.6060818082,0.40016965102404356
2020-07-31,19707923.845625244,71876.11699886248,4158.902532324638,3408.01540301116,1713.3883161879457,826946.2196143848,526212.8595639473,257589.49348226085,43143.86656817666,62295577.93774345,0.048298195004463196,0.01501440216620083,0.048248853692842694,0.025855263634795723,2741005.3108476806,1836473.337830673,904531.6319370718,0.3410799357807264
2020-08-01,19778025.626904678,70101.78127943352,4061.8160268349848,3336.935500621885,1678.0976360246987,831008.0356412198,529549.7950645692,259267.59111828555,42190.64945836505,62295577.978901334,0.041157886385917664,0.012797081291912414,0.04112463944706307,0.022037581942350018,2741005.323644762,1836473.3789553123,904531.6539746537,0.2907147959340364
2020-08-02,19846127.277146917,68101.65024223924,3966.0650192358753,3266.348475151365,1643.023276553091,834974.1006604556,532816.1435397206,260910.61439483863,41247.34272589645,62295578.01391041,0.035009078681468964,0.010907258309787102,0.035052300304902896,0.018783581850928762,2741005.3345520203,1836473.4140076125,904531.6727582356,0.24778617219999433
2020-08-03,19912327.556527376,66200.27938045934,3871.649726067685,3196.307612929704,1608.1908342321135,838845.7503865233,536012.4511526503,262518.8052290708,40314.494004802254,62295578.04376047,0.029850058257579803,0.009296566401359141,0.0298765235065485,0.016010043403507406,2741005.3438485865,1836473.443884136,904531.688768279,0.21119617158547044
2020-08-04,19976901.319452338,64573.762924961746,3778.600011197688,3126.8648950168777,1573.6270877878508,842624.350397721,539139.3160476672,264092.4323168586,39392.60203319526,62295578.06923048,0.025470010936260223,0.007923777741220675,0.025464931050486642,0.013646018681996153,2741005.351772364,1836473.469349067,904531.7024142977,0.18000899953767657
2020-08-05,20039892.522205725,62991.20275338739,3686.9890561135676,3058.070350597557,1539.3589946155785,846311.3394538346,542197.3863982648,265631.79131147417,38482.16174409562,62295578.090970255,0.021739773452281952,0.006753756635277996,0.02170469527127131,0.011631031825533458,2741005.358526121,1836473.4910537621,904531.7140453296,0.1534270291449502
2020-08-06,20101157.915072564,61265.39286683872,3596.881108859324,2989.971267277776,1505.4125434484722,849908.2205626939,545187.3576655425,267137.2038549226,37583.65904222877,62295578.109503984,0.018533729016780853,0.005756549322931495,0.018499652166791093,0.009913542285433348,2741005.3642826704,1836473.5095534143,904531.7239588719,0.13077038421761245
2020-08-07,20160662.80929728,59504.89422471449,3508.2822761206985,2922.6112498517905,1471.812061561529,853416.5028388146,548109.9689153943,268609.0159164841,36697.51800693624,62295578.1252459,0.01574191451072693,0.004906614183024427,0.015767839423560165,0.008449627710852451,2741005.3691892847,1836473.5253212538,904531.7324084996,0.11145953135564923
2020-08-08,20218622.187748183,57959.37845090404,3421.159668932707,2856.029614366644,1438.5800266135593,856837.6625077473,550965.9985297609,270047.59594309767,35824.06803488877,62295578.1386523,0.013406403362751007,0.0041821821531617355,0.013439397275156341,0.007201856457047432,2741005.373371467,1836473.5387606511,904531.739610356,0.09500045981258154
2020-08-09,20275097.482651684,56475.29490350187,3335.4951538902815,2790.2616580671174,1405.736826778742,860173.1576616375,553756.260187828,271453.3327698764,34963.56470393314,62295578.150099315,0.011447012424468994,0.003564713744279139,0.011454779438488515,0.006138325522748973,2741005.3769361805,1836473.5502154306,904531.7457486816,0.08097206836100668
2020-08-10,20330037.20283066,54939.720178976655,3251.3010905403935,2725.3396031536718,1373.3002097832277,863424.4587521779,556481.5997909816,272826.63297965965,34116.22598153661,62295578.1598794,0.00978008657693863,0.0030384203742080756,0.00976322880803607,0.005231841376884129,2741005.379974601,1836473.5599786593,904531.750980523,0.0690154186449945
2020-08-11,20383376.110906877,53338.908076215535,3168.595686623795,2661.29327680428,1341.2850893842342,866593.0544388017,559142.8930677859,274167.9180690439,33282.24330197193,62295578.16821821,0.0083388090133667,0.0025898422646249706,0.008321478903130902,0.004459222928819058,2741005.382564443,1836473.5683001382,904531.7554397458,0.058824559091590345
2020-08-12,20435267.598286122,51891.48737924546,3087.389772004709,2598.1498190786297,1309.7044462768765,869680.4442108064,561741.0428868645,275477.6225153208,32461.778808621108,62295578.175299436,0.007081225514411926,0.002207494757810092,0.007092647686373605,0.0038007085157137858,2741005.384771938,1836473.575392786,904531.7592404544,0.050138697610236704
2020-08-13,20485803.19593863,50535.59765250608,3007.6978144707446,2535.932689027307,1278.570788378425,872688.1420252771,564276.9755758918,276756.1933036992,31654.97314568615,62295578.18133652,0.006037086248397827,0.0018815839215284183,0.006045295326684052,0.0032394512543512024,2741005.386653522,1836473.5814380813,904531.7624799056,0.04273553506936878
2020-08-14,20534984.761990815,49181.566052187234,2929.5403352130415,2474.6608698630052,1247.8966279031579,875617.6823604902,566751.6364457548,278004.08993160236,30861.955983133055,62295578.18648972,0.005153201520442963,0.001603770537837958,0.005152621607563305,0.002761089250531317,2741005.3882572926,1836473.5865907029,904531.7652409949,0.036425594822503626
2020-08-15,20582728.685105182,47743.92311436683,2852.9277877412987,2414.3489080659456,1217.693268807593,878470.6101482315,569165.9853538207,279221.78320040996,30082.841594000813,62295578.190888695,0.004398971796035767,0.0013669590604548434,0.00439178205718539,0.002353379327470888,2741005.3896242515,1836473.5909824849,904531.7675943741,0.03104739252012223
2020-08-16,20629053.87151112,46325.18640593812,2777.8550125359475,2355.007762520515,1187.9690380391335,881248.4651607674,571520.9931163412,280409.7522384491,29317.719805977133,62295578.19463527,0.0037465766072273254,0.0011651059957375597,0.003743304855992457,0.002005884949947802,2741005.3907893575,1836473.5947257897,904531.7696002591,0.026463308604434133
2020-08-17,20674135.628817342,45081.75730622187,2704.31781099427,2296.6460528061516,1158.7286902467372,883952.7829717617,573817.6391691474,281568.4809286959,28566.662873918423,62295578.19782145,0.0031861811876296997,0.0009930564539464644,0.0031905934084116064,0.0017097104047480109,2741005.3917824137,1836473.597916383,904531.7713099696,0.022556061041541398
2020-08-18,20718051.375497483,43915.746680140495,2632.3239237899006,2239.2712579869526,1129.9744605209903,886585.1068955516,576056.9104271343,282698.4553892169,27829.74107920041,62295578.20053891,0.0027174577116966248,0.0008464121304748772,0.0027195020305184987,0.0014572741297569853,2741005.3926288257,1836473.600635885,904531.7727672437,0.01922569703310728
2020-08-19,20760766.967194416,42715.59169693291,2561.87677318732,2182.8905115396965,1101.707795143361,889146.9836687389,578239.8009386739,283800.16318436025,27107.01954570471,62295578.20285817,0.0023192614316940308,0.0007214228588490359,0.0023179742300164542,0.0012421149861281898,2741005.3933502487,1836473.6029538594,904531.7740093586,0.01638703071512282
2020-08-20,20802150.995271824,41384.02807740867,2492.9556394075644,2127.5108311914446,1073.9306372814476,891639.9393081465,580367.3117698653,284874.0938216417,26398.533716639446,62295578.20483754,0.0019793659448623657,0.0006148923974999177,0.001975734494840068,0.0010587265482871274,2741005.393965141,1836473.6049295939,904531.7750680852,0.013967461884021759
2020-08-21,20842294.016297773,40143.02102594823,2425.5274443503304,2073.1389171934434,1046.6458886327482,894065.4667524968,582440.4506870587,285920.73971027444,25704.2763551636,62295578.20652312,0.0016855821013450623,0.0005240955793612841,0.001684025623068103,0.0009024157140026549,2741005.3944892366,1836473.6066136195,904531.7759705009,0.011905116261914372
2020-08-22,20881362.183325235,39068.167027462274,2359.5791415635413,2019.7808182357503,1019.8571989840043,896425.0458940603,584460.2315052944,286940.59690925846,25024.21747950738,62295578.2079553,0.001432180404663086,0.0004467081639112191,0.0014353847026948945,0.0007691825354279955,2741005.3949359446,1836473.608049004,904531.7767396835,0.010147257009521127
2020-08-23,20919383.549420603,38021.36609536782,2295.124336829125,1967.4416103945973,993.5683481676559,898720.1702308895,586427.6731156891,287934.1652574261,24358.33185777429,62295578.20917666,0.0012213587760925293,0.0003807487741275512,0.0012234519413999122,0.0006556181891527401,2741005.3953166935,1836473.609272456,904531.7773953016,0.008648935821838677
2020-08-24,20956273.639946505,36890.09052590281,2232.1702772416666,1916.1249974719817,967.7825739535425,900952.3405081311,588343.798113161,288901.94783137966,23706.59456359042,62295578.21021992,0.0010432600975036621,0.0003245295418878404,0.0010428075306778057,0.0005588180386560534,2741005.395641223,1836473.6103152635,904531.7779541196,0.0073718399507924914
2020-08-25,20992029.29022605,35755.650279544294,2170.689679183036,1865.8328152907352,942.5022105089859,903123.0301873141,590209.6309284518,289844.45004188863,23068.949216973735,62295578.21111144,0.0008915215730667114,0.00027661252687879545,0.0008888325063128936,0.00047630721046811617,2741005.3959178356,1836473.611204096,904531.7784304268,0.006283312686719
2020-08-26,21026785.434907224,34756.14468117431,2110.6346493595056,1816.564733300802,917.7286499514396,905233.6648366736,592026.1956617526,290762.1786918401,22445.290483080957,62295578.211871274,0.0007598325610160828,0.00023577161483400734,0.0007575901578687094,0.00040597682215537287,2741005.3961536074,1836473.6119616863,904531.7788364036,0.005355517496354878
2020-08-27,21060583.37565698,33797.94074975699,2051.9689056175234,1768.3184734958998,893.4622543901012,907285.6337422911,593794.5141352485,291655.6409462302,21835.478660812427,62295578.21251501,0.0006437376141548157,0.0002009608957270349,0.0006457250174922317,0.0003460295265043788,2741005.396354568,1836473.6126074113,904531.7791824332,0.004564723698422313
2020-08-28,21093395.368912846,32811.99325586483,1994.6751269122683,1721.0904103111338,869.702049789613,909280.3088692034,595515.6045455596,292525.3429960198,21239.361327624007,62295578.21306324,0.0005482286214828491,0.0001712890190010021,0.0005503768661440214,0.00029493320967523165,2741005.396525857,1836473.6131577883,904531.7794773664,0.0038907023845240474
2020-08-29,21125188.331229214,31792.962316367775,1938.7390778002105,1674.8759872054607,846.445624945921,911219.0479470036,597190.480532765,293371.78862096573,20656.778793272853,62295578.21353201,0.0004687681794166565,0.0001459973736982263,0.0004691075412554005,0.0002513816917609395,2741005.3966718544,1836473.613626896,904531.779728748,0.0033162104664370418
2020-08-30,21156061.882370457,30873.551141243428,1884.1424075517298,1629.6695504705394,823.6896892145803,913103.1903545554,598820.1500832356,294195.4783101803,20087.561961139494,62295578.21393334,0.0004013329744338989,0.00012444022877167995,0.0003998386260274877,0.00021426134855065165,2741005.3967962945,1836473.6140267346,904531.7799430094,0.0028265505097806454
2020-08-31,21186075.208143663,30013.325773205608,1830.8701738102368,1585.4637902735626,801.4309488792985,914934.0605283657,600405.6138735091,294996.9092590596,19531.53739579697,62295578.214275755,0.0003424137830734253,0.00010606682920687586,0.0003407983725734031,0.00018262273076920707,2741005.3969023614,1836473.614367533,904531.7801256321,0.002409196342341602
2020-09-01,21215233.07551352,29157.867369856685,1778.912233743905,1542.2493261345817,779.6663707188384,916712.9727621096,601947.8631996437,295776.57562977844,18988.533932687482,62295578.214565344,0.00028958916664123535,9.040668786216703e-05,0.00029047646975188194,0.00015565641049340408,2741005.396992768,1836473.6146580095,904531.7802812884,0.002053470234386623
2020-09-02,21243488.567193005,28255.491679485887,1728.2530893672633,1500.0147859803415,758.3924466435831,918441.2258514769,603447.877985624,296534.968076422,18458.37978943088,62295578.214811936,0.00024659186601638794,7.705831572578397e-05,0.0002475854946273603,0.0001326723932173111,2741005.3970698263,1836473.614905595,904531.7804139608,0.0017502703703939915
2020-09-03,21270859.34831717,27370.78112416342,1678.8685330313294,1458.747337102057,737.6041758438009,920120.0943845082,604906.6253227261,297272.5722522658,17940.8968095163,62295578.21502279,0.00021085143089294434,6.568004378092732e-05,0.00021102806336212852,0.00011308253486744133,2741005.3971355064,1836473.6151166232,904531.7805270434,0.0014918397646397352
2020-09-04,21297453.227501675,26593.879184506834,1630.7359324246868,1418.433421546405,717.2947795703565,921750.8303169329,606325.0587442724,297989.8670318362,17435.90454082424,62295578.21520317,0.0001803860068321228,5.598143176882834e-05,0.00017986882936844387,9.638551941538105e-05,2741005.3971914877,1836473.6152964921,904531.7806234289,0.0012715667253360152
2020-09-05,21323318.65934018,25865.43183850497,1583.8409564662468,1379.0594442512092,697.4563708067215,923334.6712733991,607704.1181885237,298687.3234026429,16943.229682232544,62295578.215356804,0.00015363097190856934,4.771505993141806e-05,0.0001533105929154244,8.215405032477278e-05,2741005.3972392026,1836473.6154498027,904531.7807055829,0.0010838169837370515
2020-09-06,21348438.103299797,25119.443959616125,1538.1676900794362,1340.6122181234841,678.0809665258078,924872.8389634786,609044.7304066472,299365.40436916874,16462.70418766263,62295578.21548708,0.00013027340173721313,4.066958266390391e-05,0.000130673906046483,7.002395110669717e-05,2741005.397279872,1836473.6155804766,904531.7807756069,0.0009237886406481266
2020-09-07,21372735.19987863,24297.096578832716,1493.6866510670839,1303.0790773980698,659.1611988287109,926366.5256145457,610347.8094840453,300024.56556799746,15994.150562502968,62295578.21559824,0.00011116266250610352,3.4664469422406496e-05,0.00011137966933770437,5.968487720522481e-05,2741005.3973145364,1836473.6156918562,904531.7808352917,0.0007873884169384837
2020-09-08,21396255.048559573,23519.84868094325,1450.3617582678253,1266.4477421473775,640.6905457773616,927816.8873728135,611614.2572261926,300665.25611377484,15537.37403284607,62295578.21569322,9.498000144958496e-05,2.9545874663562413e-05,9.49343008286966e-05,5.087236860835907e-05,2741005.397344082,1836473.6157867906,904531.780886164,0.0006711274618282914
2020-09-09,21419123.361993533,22868.31343396008,1408.1694445399653,1230.7061144594272,622.6631911895712,929225.0568173535,612844.9633406521,301287.9193049644,15092.174171736988,62295578.215774335,8.111447095870972e-05,2.5182897260356465e-05,8.09171085096669e-05,4.336103952565458e-05,2741005.397369265,1836473.6158677076,904531.780929525,0.000572032411582768
2020-09-10,21441377.897939354,22254.535945821553,1367.102097534946,1195.8420922881855,605.0736593049628,930592.1589148884,614040.8054329403,301892.99296426936,14658.360517678782,62295578.21584329,6.895512342453003e-05,2.1464067850298476e-05,6.896953502412081e-05,3.695876906044006e-05,2741005.3973907293,1836473.6159366772,904531.7809664838,0.00048756832256913185
2020-09-11,21462969.545227952,21591.64728859812,1327.147426382747,1161.843341453598,587.9164211619614,931919.3063412711,615202.6487743938,302480.9093854313,14235.74818144599,62295578.21590194,5.8650970458984375e-05,1.8294330578632097e-05,5.8785986268204496e-05,3.150177963681452e-05,2741005.3974090237,1836473.6159954632,904531.7809979855,0.0004155749920755625
2020-09-12,21483812.73384284,20843.188614886254,1288.2718014082075,1128.6970076271978,571.1856881632807,933207.5781426794,616331.3457820211,303052.0950735946,13824.137287063757,62295578.21595199,5.0045549869537354e-05,1.5592623084227042e-05,5.010600543473209e-05,2.6850473134278984e-05,2741005.3974246164,1836473.6160455693,904531.781024836,0.0003542110789567232
2020-09-13,21504026.305140246,20213.57129740715,1250.4328034078972,1096.3895336723383,554.8754015532911,934458.0109460873,617427.7353156934,303606.9704751479,13423.305155245995,62295578.21599475,4.2766332626342773e-05,1.3289872083687465e-05,4.2707598469257e-05,2.288588422551288e-05,2741005.3974379064,1836473.616088277,904531.7810477219,0.00030190753750503063
2020-09-14,21523684.730964925,19658.425824679434,1213.6046125211956,1064.9067613111529,538.9791908902552,935671.6155586086,618492.6420770045,304145.94966603816,13033.023815565859,62295578.21603128,3.653019666671753e-05,1.1327218927243874e-05,3.640154758863251e-05,1.9506635736301654e-05,2741005.3974492336,1836473.6161246784,904531.7810672285,0.0002573266392573714
2020-09-15,21542781.466459714,19096.735494788736,1177.7801899652263,1034.234227384709,523.4901926059049,936849.3957485738,619526.8763043892,304669.43985864404,12653.079585540574,62295578.21606233,3.104656934738159e-05,9.654463203337783e-06,3.1026569591464026e-05,1.6626324754533174e-05,2741005.397458888,1836473.616155705,904531.7810838548,0.00021932832896709442
2020-09-16,21561249.64679792,18468.180338207632,1142.9480058740653,1004.3573374475395,508.4009738155215,937992.3437544479,620531.2336418368,305177.84083245957,12283.269280151522,62295578.21608863,2.6300549507141113e-05,8.228775588845433e-06,2.644519275397645e-05,1.4171295411905641e-05,2741005.397467117,1836473.61618215,904531.7810980262,0.00018694053869694471
2020-09-17,21579139.60071885,17889.9539209269,1109.078418056504,975.2612520251341,493.7038254088994,939101.4221725044,621506.4948938619,305671.54465786845,11923.382620773977,62295578.21611105,2.24187970161438e-05,7.0136507038783e-06,2.2540243659490694e-05,1.2078753965511444e-05,2741005.3974741306,1836473.6162046904,904531.781110105,0.00015933520626276731
2020-09-18,21596514.55396255,17374.95324370265,1076.1362936808664,946.9306922714743,479.39122116096064,940177.5584661852,622453.4255861334,306150.9358790294,11573.197001022461,62295578.21613028,1.92299485206604e-05,5.978003744317875e-06,1.921185216051446e-05,1.0295172520916385e-05,2741005.397480109,1836473.6162239022,904531.7811204002,0.0001358063891530037
2020-09-19,21613383.5857025,16869.03173995018,1044.0968625556643,919.3499780601989,465.45591857285035,941221.655328741,623372.7755641936,306616.39179760223,11232.487966945104,62295578.2161468,1.6517937183380127e-05,5.0953462091103815e-06,1.6374897153113436e-05,8.774928947080257e-06,2741005.397485204,1836473.6162402772,904531.7811291751,0.00011575175449252129
2020-09-20,21629718.178156845,16334.592454344034,1012.9433603387764,892.5033158753482,451.89055653730867,942234.5986890798,624265.2788800689,307068.28235413955,10901.037454871286,62295578.21616094,1.4141201972961426e-05,4.343062407061158e-06,1.3956827974444753e-05,7.479142741360992e-06,2741005.3974895473,1836473.616254234,904531.7811366542,9.865907486528158e-05
2020-09-21,21645539.406837672,15821.228680826724,982.6570018606042,866.3750563554497,438.68726133315636,943217.2556909403,625131.6539364244,307506.9696154727,10578.632139043184,62295578.216172814,1.1876225471496582e-05,3.701838187632281e-06,1.1895806576635316e-05,6.374678745196407e-06,2741005.3974932493,1836473.6162661298,904531.7811430289,8.40906286612153e-05
2020-09-22,21660892.94964701,15353.542809337378,953.2164464084697,840.9497089200413,425.83780017248,944170.4721373487,625972.6036453445,307932.8074156452,10265.061076359008,62295578.21618286,1.004338264465332e-05,3.1552292355687925e-06,1.0139124096141587e-05,5.4332964709770434e-06,2741005.3974964046,1836473.6162762688,904531.7811484622,7.167353760451078e-05
2020-09-23,21675794.07621213,14901.126565121114,924.6030693568275,816.211791801989,413.33413137738455,945095.0752067056,626788.8154371465,308346.1415470226,9960.11822253652,62295578.21619145,8.590519428253174e-06,2.689289874199585e-06,8.64185187037479e-06,4.630924907789061e-06,2741005.397499094,1836473.6162849106,904531.7811530931,6.109010428190231e-05
2020-09-24,21690233.962960448,14439.88674831763,896.8004832090776,792.1457317723912,401.1687064944203,945991.8756899147,627580.9611689189,308747.31025351706,9663.604267478746,62295578.216198795,7.3462724685668945e-06,2.29219117131753e-06,7.365692065793065e-06,3.9470449442831835e-06,2741005.397501386,1836473.6162922762,904531.7811570402,5.2069430239498615e-05
